,TFT,TFT-median,TFT-lo-90,TFT-lo-80,TFT-hi-80,TFT-hi-90
0,1143.7046,1143.7006,1122.7921,1128.5287,1158.9321,1164.4131
1,1100.5618,1100.5525,1081.5872,1085.0526,1116.3892,1120.865
2,1059.6232,1059.9661,1037.4193,1043.242,1075.9677,1080.6788
3,1053.7046,1053.4199,1032.3469,1038.6218,1068.2477,1073.7212
4,1044.9944,1045.2456,1024.416,1029.538,1060.0345,1064.2136
5,1069.9944,1070.3027,1050.1288,1055.3832,1085.2,1088.9457
6,1072.0209,1072.2554,1051.417,1056.755,1088.586,1093.6573
7,1067.6586,1067.9917,1046.4373,1051.358,1083.4136,1088.0664
8,1076.1843,1076.0068,1057.2349,1061.4329,1091.523,1095.3613
9,1085.99,1086.4006,1066.9658,1070.5564,1099.9583,1105.157
10,1087.1481,1087.2058,1067.765,1072.5901,1102.0502,1105.8467
11,1106.1985,1106.3922,1087.5768,1091.9824,1120.717,1124.3027
12,1109.9554,1110.1984,1090.7565,1095.7903,1124.1356,1127.5807
13,1123.7777,1123.665,1106.5902,1110.2434,1137.7374,1142.4211
14,1133.6683,1133.2974,1114.618,1119.3726,1148.4689,1153.4668
15,1136.8075,1136.883,1117.4979,1122.1671,1151.5607,1155.7069
16,1155.2767,1155.2703,1136.3901,1140.742,1169.789,1174.1208
17,1194.0634,1194.4819,1173.3724,1178.3218,1209.6466,1213.1638
18,1160.8491,1160.7112,1142.6271,1147.3771,1174.8317,1179.4064
19,1158.1798,1157.9769,1137.9695,1143.0327,1172.8075,1178.1536
20,1152.8296,1152.5767,1132.435,1137.55,1168.8799,1173.9265
21,1144.4698,1144.5571,1125.4045,1129.9846,1160.2028,1163.7131
22,1103.7815,1103.8363,1084.5645,1089.1028,1118.6738,1124.2355
23,1091.3064,1091.2148,1071.0045,1075.6428,1106.8906,1110.6539
24,1051.1444,1051.2554,1031.5868,1036.8557,1065.2428,1070.1445
25,1016.42175,1016.26416,996.1768,1001.1716,1032.5144,1037.2167
26,1021.34485,1021.5886,1002.7765,1006.32574,1035.3585,1039.9812
27,1014.577,1014.301,996.19116,999.84155,1030.504,1034.4526
28,1037.2471,1036.7053,1017.10754,1021.7059,1052.837,1057.9462
29,1039.7816,1039.877,1018.6461,1024.7384,1056.4329,1060.2882
30,1056.0236,1055.8967,1035.8741,1040.8618,1071.2306,1074.7478
31,1074.3086,1074.4747,1053.846,1059.229,1089.3846,1094.4745
32,1075.859,1075.4937,1056.5837,1060.874,1091.1893,1096.3942
33,1088.1255,1088.4067,1068.984,1073.4237,1103.2325,1106.8313
34,1093.3757,1093.3545,1075.2592,1078.9408,1107.8536,1111.8274
35,1094.9893,1094.7461,1075.5525,1081.0867,1110.0249,1113.7554
36,1087.6622,1088.1833,1067.3995,1071.8684,1102.794,1106.8024
37,1096.8187,1096.8591,1077.4985,1082.2697,1111.4823,1115.781
38,1107.528,1107.7288,1088.23,1093.6941,1121.3728,1125.9669
39,1102.2921,1102.8523,1083.2291,1087.8152,1116.1555,1120.0206
40,1147.9154,1147.9601,1128.652,1133.4623,1162.1655,1167.5579
41,1183.7449,1183.5352,1166.3726,1169.5491,1198.2137,1202.4574
42,1192.0464,1191.7368,1173.9438,1178.7682,1206.4539,1210.2153
43,1170.9471,1170.3871,1149.7977,1154.206,1187.6793,1193.9492
44,1136.8615,1137.0286,1118.2357,1122.8436,1151.0272,1155.419
45,1143.8053,1143.4198,1123.2206,1128.7454,1159.37,1164.2849
46,1110.6456,1110.9033,1091.6113,1095.6672,1125.9833,1129.6486
47,1105.9827,1106.2319,1087.3663,1091.5786,1120.3269,1125.443
48,1089.0204,1089.2728,1068.4154,1073.949,1103.877,1109.3196
49,1078.0305,1077.7747,1060.1787,1063.525,1092.8174,1097.0328
50,1085.9418,1085.876,1067.5765,1071.4531,1099.987,1103.5708
51,1099.635,1099.2927,1081.5806,1085.7723,1113.8386,1119.5118
52,1104.1804,1104.0945,1083.2069,1088.7932,1120.0447,1125.4558
53,1120.1952,1119.7827,1100.892,1105.1476,1135.5364,1140.2057
54,1157.5085,1157.8518,1137.8899,1142.0092,1172.2971,1176.8458
55,1200.4747,1201.0579,1180.0621,1185.212,1214.9642,1219.7753
56,1221.2622,1221.6555,1201.5862,1206.7502,1236.1238,1240.0085
57,1244.8303,1244.8732,1226.2429,1230.6394,1259.3779,1263.5558
58,1220.6565,1220.6301,1202.3298,1207.003,1233.7916,1237.9602
59,1226.428,1226.5037,1207.8239,1212.9159,1240.3091,1245.1348
60,1251.3584,1251.3926,1229.1494,1234.6948,1266.676,1272.7275
61,1221.9424,1221.4861,1202.5139,1207.8798,1236.951,1242.2448
62,1219.5918,1219.4305,1201.0176,1205.6002,1233.9221,1237.8795
63,1217.2695,1217.4731,1197.6796,1202.3191,1231.5363,1236.1057
64,1281.9735,1281.9302,1262.4185,1267.4882,1297.0688,1302.5082
65,1298.2747,1297.9386,1273.9991,1279.2163,1317.2023,1324.5951
66,1252.5127,1252.1853,1234.9526,1238.4746,1267.203,1271.7273
67,1233.6506,1233.56,1206.2815,1214.7,1254.3777,1260.6882
68,1262.4277,1262.3054,1238.2623,1243.5447,1280.9557,1286.821
69,1247.327,1247.2351,1222.5588,1228.3613,1266.3877,1273.05
70,1228.2494,1228.6079,1207.8013,1213.5931,1242.7404,1247.7003
71,1214.5319,1214.6638,1193.3099,1198.8048,1229.4033,1235.0233
72,1184.341,1184.1752,1161.0597,1166.509,1201.6799,1208.3203
73,1195.3296,1195.3428,1174.0936,1179.7261,1210.7612,1216.2543
74,1171.7775,1171.866,1153.4427,1157.2345,1186.0029,1190.3452
75,1199.5702,1199.9387,1179.3927,1184.3411,1214.8916,1220.3011
76,1209.9835,1210.2659,1190.4886,1194.5239,1224.9574,1229.6426
77,1196.9984,1196.7888,1178.4379,1183.3496,1211.1963,1215.2905
78,1247.9678,1247.5623,1226.034,1231.595,1264.3375,1269.2361
79,1278.9763,1278.7429,1250.9623,1258.4487,1300.6882,1306.195
80,1260.5377,1260.2737,1233.8795,1240.7526,1282.3259,1288.7644
81,1219.4576,1219.7653,1190.6289,1198.6442,1241.4492,1247.6978
82,1225.1168,1225.0249,1193.54,1201.7032,1248.479,1255.7839
83,1253.2222,1253.3145,1228.197,1232.5652,1274.1176,1281.0294
84,1217.4872,1217.3232,1198.8097,1202.8542,1232.5922,1236.544
85,1226.2075,1226.2305,1207.8406,1212.6884,1239.8572,1244.4453
86,1226.6152,1225.9897,1207.6749,1212.6609,1241.8221,1246.9313
87,1235.2946,1235.538,1215.6309,1220.7291,1249.9102,1254.8098
88,1263.7596,1263.9272,1243.4052,1247.6548,1279.5099,1283.2421
89,1310.8762,1310.9648,1278.8068,1287.5284,1331.424,1339.8495
90,1259.4554,1258.8391,1240.6271,1244.7983,1273.5983,1279.303
91,1249.6143,1249.7977,1201.5804,1215.1785,1284.4623,1298.0676
92,1286.3402,1285.7216,1255.3441,1262.6831,1310.2688,1317.4567
93,1271.3533,1270.3119,1215.9348,1228.443,1311.9021,1325.2823
94,1215.4131,1214.3333,1175.3795,1185.3389,1247.1729,1258.8531
95,1203.9568,1204.2163,1183.7008,1189.2164,1218.2823,1222.6028
96,1187.4978,1187.3461,1169.1125,1173.139,1202.3873,1207.5422
97,1165.9845,1166.0859,1147.213,1151.8342,1180.1436,1184.1968
98,1189.3226,1189.004,1170.5275,1174.5907,1203.7224,1208.916
99,1168.5397,1168.9968,1148.9587,1152.7174,1182.4004,1187.0498
100,1181.6212,1181.8455,1161.4039,1165.8505,1196.1736,1201.4071
101,1225.7251,1225.5505,1204.9886,1210.4379,1240.0839,1244.7148
102,1248.782,1248.7834,1227.7241,1233.0769,1264.1285,1269.4155
103,1221.8135,1221.7375,1202.6381,1207.51,1236.414,1241.2013
104,1256.0095,1255.8173,1234.1583,1238.6418,1272.8644,1277.9084
105,1260.4192,1260.9321,1240.3993,1245.1055,1274.6422,1279.4218
106,1261.1642,1261.0737,1239.4225,1244.8549,1276.3993,1281.6842
107,1252.0968,1252.1593,1227.7855,1232.3591,1270.5251,1277.3431
108,1234.1326,1233.7085,1214.4146,1219.1718,1249.9464,1254.0464
109,1236.3702,1236.6587,1214.6654,1220.425,1252.7635,1259.2438
110,1226.9377,1226.4861,1206.9922,1211.6912,1243.079,1247.9097
111,1213.3918,1213.8119,1194.82,1199.1306,1227.2267,1232.1794
112,1266.5447,1266.5452,1245.2108,1251.28,1281.436,1287.1149
113,1278.9122,1278.7045,1252.7678,1258.903,1298.4174,1304.4202
114,1239.9683,1239.7402,1220.012,1225.2744,1255.3857,1259.628
115,1258.329,1258.3162,1238.1913,1243.4456,1273.468,1277.958
116,1219.5155,1219.633,1201.5322,1205.3671,1233.5839,1239.1201
117,1211.8774,1211.9175,1193.2721,1197.9242,1225.5491,1229.994
118,1235.1743,1235.4614,1211.8575,1217.8073,1252.8052,1258.2812
119,1190.7097,1190.4685,1172.4994,1176.2463,1204.4608,1209.3413
120,1143.4121,1143.8655,1123.5001,1129.0969,1157.7833,1161.4127
121,1117.0411,1117.4558,1097.6057,1102.3322,1131.9904,1136.9177
122,1101.9197,1101.819,1081.9011,1086.7971,1117.7504,1122.0046
123,1118.3458,1117.685,1100.3586,1103.5979,1132.5741,1137.834
124,1130.7252,1130.789,1112.0614,1115.9874,1145.6335,1150.1478
125,1127.7054,1127.6741,1108.7178,1113.5101,1142.0773,1147.1345
126,1196.0476,1195.8958,1177.5951,1181.1619,1210.05,1214.8878
127,1232.7255,1232.647,1213.9564,1218.5286,1247.5798,1251.9558
128,1214.4098,1214.8376,1194.0483,1198.7108,1228.919,1234.2029
129,1198.3584,1198.5068,1178.2393,1183.2622,1214.0835,1219.7567
130,1166.0785,1166.4529,1146.1727,1150.772,1181.0695,1186.244
131,1148.1741,1148.4293,1127.7329,1133.2712,1163.2883,1168.3655
132,1146.9849,1147.0421,1128.1459,1132.452,1160.9797,1166.2719
133,1134.9368,1134.7476,1116.5967,1119.9872,1150.5199,1155.3448
134,1158.3059,1158.1482,1138.3911,1143.0061,1173.7731,1177.836
135,1174.9812,1174.8491,1155.5352,1161.16,1189.1445,1194.4453
136,1230.733,1230.6846,1210.3738,1215.9644,1245.0089,1250.5654
137,1223.4319,1223.8516,1203.4229,1209.0916,1237.4185,1241.298
138,1263.7686,1263.9055,1241.2279,1245.9707,1281.1329,1286.2775
139,1243.8027,1243.3828,1220.5833,1225.8685,1261.3677,1267.0009
140,1242.3562,1242.5823,1221.0099,1226.3975,1258.3342,1262.5363
141,1207.1741,1207.1414,1188.0981,1193.1815,1221.727,1226.0358
142,1195.2166,1195.0481,1175.8893,1179.1947,1210.4066,1215.4467
143,1189.3657,1189.4597,1171.0952,1175.3142,1203.2241,1207.4901
144,1179.9962,1180.54,1156.5042,1161.3832,1197.2047,1202.3071
145,1156.0629,1155.7891,1137.2172,1140.8829,1171.3087,1175.9491
146,1165.0074,1164.6003,1145.6335,1150.6824,1179.9791,1183.7145
147,1160.9637,1161.0646,1141.6554,1146.4097,1175.3977,1178.705
148,1196.504,1196.7241,1175.7395,1180.9706,1211.37,1216.0155
149,1212.0618,1211.683,1192.9392,1197.0471,1227.409,1232.4694
150,1233.5658,1233.8245,1212.5332,1217.6716,1248.7345,1254.3405
151,1248.9181,1248.7292,1227.2812,1232.5131,1266.503,1273.187
152,1222.3129,1221.9858,1203.8684,1207.8851,1236.949,1240.9255
153,1291.3529,1291.4014,1266.962,1273.0859,1309.9745,1315.9042
154,1284.5834,1284.3783,1262.4746,1267.1064,1301.734,1306.5505
155,1255.1171,1254.652,1227.6139,1234.7408,1276.0264,1283.1414
156,1246.1741,1246.2083,1226.8706,1231.282,1260.7648,1265.1178
157,1260.5867,1260.6727,1235.2595,1241.9811,1279.7434,1284.2609
158,1234.7588,1235.0662,1215.6528,1220.9734,1249.2568,1253.1313
159,1260.2484,1260.3657,1236.7415,1241.4974,1279.1787,1284.4012
160,1286.0349,1286.0076,1262.7092,1267.6852,1303.2292,1308.4636
161,1280.0968,1279.892,1259.7384,1265.3741,1295.7048,1299.8616
162,1300.479,1301.7844,1244.6984,1260.265,1338.5358,1350.6223
163,1280.817,1280.6785,1258.7695,1264.3435,1296.2684,1301.3295
164,1234.8407,1235.002,1188.9656,1200.9735,1268.7286,1276.5604
165,1243.1361,1242.9834,1224.6014,1228.4418,1257.6106,1262.889
166,1245.7448,1245.8425,1224.8478,1230.08,1261.349,1266.2428
167,1232.7141,1233.2405,1214.0374,1218.268,1246.7284,1251.6652
168,11292.817,11291.989,11134.088,11174.979,11412.145,11446.976
169,11206.293,11205.478,10889.487,10971.679,11453.256,11519.991
170,11041.864,11039.774,10674.851,10735.27,11325.35,11425.795
171,10935.161,10932.688,10688.272,10731.243,11132.192,11202.069
172,10798.568,10805.346,10575.158,10622.138,10957.163,11016.92
173,10788.681,10789.721,10571.447,10622.832,10946.871,10989.834
174,10892.649,10891.723,10718.445,10760.513,11021.132,11060.986
175,10926.41,10922.997,10713.064,10772.495,11081.936,11134.685
176,10914.976,10916.441,10753.795,10786.9375,11037.276,11071.45
177,11084.5,11080.948,10920.129,10964.662,11208.826,11255.421
178,11167.066,11166.301,11007.102,11039.269,11295.079,11335.608
179,11058.892,11059.32,10898.119,10934.298,11175.861,11221.888
180,11187.996,11184.595,11047.687,11073.254,11302.486,11349.838
181,11686.368,11686.057,11517.602,11555.612,11823.636,11868.895
182,11874.816,11872.227,11682.99,11735.044,12015.643,12066.855
183,11537.419,11537.573,11381.242,11410.491,11670.219,11704.261
184,11939.132,11939.467,11729.797,11785.064,12093.287,12150.149
185,12044.664,12044.168,11850.575,11900.667,12192.752,12236.04
186,12187.762,12184.008,11955.868,12016.447,12364.03,12424.961
187,12084.112,12090.7705,11858.507,11911.852,12250.668,12301.421
188,11604.95,11604.51,11439.285,11473.98,11732.041,11779.286
189,11939.385,11939.183,11691.98,11735.882,12140.017,12208.469
190,11463.176,11458.721,11309.005,11342.217,11598.082,11632.38
191,11785.989,11792.389,11511.199,11573.454,11983.593,12064.509
192,11724.606,11720.514,11119.248,11281.823,12180.337,12341.623
193,11053.229,11037.748,10013.6875,10285.71,11830.562,12179.341
194,11049.603,11054.945,10856.259,10904.431,11197.256,11239.462
195,10947.333,10947.014,9672.056,10049.878,11836.731,12162.445
196,10859.824,10859.0625,10681.561,10730.124,10990.836,11030.157
197,10860.55,10862.249,10373.031,10480.016,11226.798,11375.16
198,11223.606,11219.326,10265.23,10561.954,11879.22,12146.508
199,11134.301,11134.393,10963.009,11005.754,11251.603,11287.248
200,11469.187,11472.475,11277.094,11335.66,11604.1875,11642.291
201,11511.29,11514.011,11334.115,11381.79,11638.191,11668.667
202,11736.55,11742.668,11262.402,11374.698,12074.419,12226.22
203,12029.952,12034.641,11144.273,11396.399,12649.342,12861.844
204,11574.674,11579.451,10601.156,10863.827,12250.49,12536.38
205,11328.632,11342.098,10569.963,10774.778,11872.526,12084.128
206,11313.082,11305.996,10690.748,10863.916,11787.039,11939.862
207,11410.29,11450.889,10469.151,10735.639,12020.643,12320.609
208,11770.11,11754.442,10863.394,11133.201,12403.019,12637.049
209,12058.116,12065.561,11476.862,11654.899,12467.286,12600.794
210,11921.423,11918.964,11739.395,11797.701,12053.313,12091.038
211,12317.022,12358.828,10329.323,10879.767,13577.502,14116.378
212,11964.521,12032.804,9168.6045,9976.417,13956.144,14524.501
213,12134.039,12146.349,10150.852,10647.74,13525.481,14209.99
214,11912.773,11916.449,11709.471,11760.181,12064.634,12109.903
215,11908.122,11909.326,11698.189,11752.5205,12067.225,12111.386
216,10512.539,10516.8125,10357.174,10391.965,10632.375,10664.948
217,10512.24,10511.235,10357.939,10389.781,10636.409,10674.935
218,10388.812,10388.916,10227.557,10269.737,10510.234,10548.275
219,10272.578,10272.797,10122.448,10155.341,10395.23,10424.232
220,10497.225,10497.902,10351.529,10381.321,10616.4,10650.84
221,10735.996,10735.664,10580.256,10614.647,10851.39,10892.582
222,11013.1,11012.695,10860.284,10893.035,11133.981,11171.225
223,11317.05,11317.296,11156.861,11204.511,11437.725,11473.534
224,11516.863,11517.808,11362.4,11400.429,11637.497,11674.571
225,11266.847,11263.265,11114.419,11159.014,11383.797,11420.004
226,11258.555,11255.605,11109.315,11141.302,11383.14,11428.588
227,11099.0,11098.43,10938.926,10978.525,11228.042,11261.269
228,11094.012,11092.092,10926.949,10973.264,11213.631,11260.321
229,10979.008,10978.225,10825.678,10862.2,11105.099,11131.481
230,10835.038,10837.57,10676.223,10709.293,10958.239,10998.342
231,10987.824,10987.628,10835.208,10866.829,11109.39,11144.405
232,11148.578,11149.86,10991.167,11026.903,11265.934,11299.774
233,11460.516,11463.208,11299.634,11333.297,11584.087,11620.4795
234,11467.19,11466.064,11319.04,11351.949,11591.052,11624.005
235,11157.449,11157.284,10986.693,11029.102,11281.562,11313.834
236,11079.243,11080.6875,10923.86,10961.802,11190.258,11228.647
237,11045.834,11046.287,10891.069,10930.198,11162.3125,11207.076
238,11058.658,11063.367,10894.068,10935.509,11176.26,11209.546
239,10791.614,10792.514,10631.997,10671.367,10909.423,10936.8545
240,10855.52,10857.61,10689.675,10730.746,10984.815,11016.01
241,10884.836,10887.306,10735.568,10766.22,10998.066,11032.289
242,10805.016,10802.531,10639.347,10685.211,10926.9,10975.638
243,10730.353,10731.893,10570.199,10611.409,10845.738,10883.446
244,10759.491,10759.394,10599.034,10639.055,10880.718,10912.894
245,10948.283,10948.59,10798.956,10826.621,11068.989,11110.151
246,11154.2,11150.818,11002.8125,11032.693,11273.64,11316.771
247,11403.263,11404.594,11242.805,11280.374,11523.282,11561.216
248,11509.863,11511.486,11361.198,11390.829,11626.354,11673.375
249,11347.924,11342.564,11190.01,11226.446,11470.901,11505.937
250,11101.894,11100.447,10939.263,10974.637,11225.596,11274.869
251,11222.837,11222.538,11068.285,11103.923,11350.907,11381.522
252,11201.24,11200.45,11048.099,11077.457,11318.503,11357.371
253,11179.005,11178.134,11020.869,11059.345,11301.415,11334.197
254,11137.884,11137.498,10976.001,11012.366,11259.661,11287.327
255,11198.458,11196.885,11041.891,11075.917,11313.687,11357.5205
256,11354.048,11357.465,11190.944,11234.872,11479.176,11512.255
257,11523.207,11525.214,11364.485,11396.958,11647.752,11683.869
258,11487.142,11484.662,11336.405,11372.965,11606.597,11643.789
259,11062.662,11064.123,10906.236,10941.671,11181.314,11224.654
260,11060.514,11061.162,10896.857,10944.221,11178.196,11206.405
261,11171.969,11172.918,11014.54,11050.568,11285.503,11321.973
262,11126.745,11126.469,10969.822,11007.176,11244.089,11282.591
263,10890.184,10887.227,10731.13,10772.38,11014.231,11052.719
264,11589.144,11589.879,11372.086,11418.56,11746.187,11804.399
265,11216.35,11214.24,11035.363,11075.699,11358.918,11404.547
266,11185.248,11185.867,11018.752,11059.443,11311.042,11345.577
267,10951.123,10951.504,10780.419,10820.371,11083.708,11127.394
268,11121.886,11123.857,10952.118,10989.635,11250.133,11295.933
269,11238.868,11241.506,11068.199,11107.751,11360.815,11409.688
270,11587.366,11588.65,11417.852,11463.196,11712.314,11743.926
271,12021.696,12016.676,11850.36,11891.316,12158.568,12193.864
272,12178.501,12179.762,11991.782,12041.65,12315.335,12378.474
273,11968.885,11966.861,11806.212,11842.006,12095.887,12134.773
274,11965.849,11966.681,11800.558,11838.792,12087.315,12122.853
275,12161.887,12171.08,11885.4795,11956.953,12365.944,12434.905
276,11988.514,11984.036,11764.258,11817.12,12165.636,12219.435
277,12182.239,12182.371,11993.264,12039.494,12322.237,12360.137
278,12276.745,12274.35,11947.989,12039.14,12528.245,12609.837
279,11794.318,11795.732,11637.993,11668.877,11917.265,11946.729
280,12154.62,12152.325,11973.721,12026.502,12291.053,12348.916
281,12252.237,12253.3125,11867.658,11968.445,12512.688,12594.917
282,12310.94,12312.037,11874.249,11983.479,12635.508,12751.056
283,12114.26,12126.463,11552.067,11692.02,12538.138,12682.105
284,12034.42,12030.135,11459.218,11590.967,12490.755,12660.548
285,11818.451,11816.505,11660.663,11694.952,11939.236,11979.144
286,11664.237,11670.441,11202.943,11334.365,11988.585,12112.886
287,11434.563,11428.849,11145.892,11228.04,11652.413,11712.518
288,11248.549,11246.986,10952.036,11024.997,11473.193,11568.008
289,11519.764,11522.004,11319.701,11365.016,11681.465,11723.364
290,11248.84,11248.635,11027.871,11081.225,11413.013,11484.242
291,11171.31,11171.013,10983.756,11025.712,11309.73,11352.488
292,11401.314,11404.4375,11239.485,11280.962,11528.036,11562.002
293,11778.851,11781.52,11603.233,11646.347,11910.331,11950.647
294,12035.934,12033.125,11802.823,11856.733,12225.361,12269.733
295,12171.541,12166.775,11767.049,11869.192,12477.123,12585.3
296,12120.325,12124.67,11734.529,11821.301,12404.605,12509.761
297,12068.533,12066.047,11681.858,11769.774,12385.413,12485.098
298,12048.476,12054.024,11695.459,11767.465,12310.2,12417.344
299,11809.248,11806.029,11643.68,11678.169,11936.404,11977.1045
300,11983.636,11986.998,11551.6,11678.4,12279.559,12377.747
301,11926.034,11923.369,11552.406,11649.029,12204.993,12287.129
302,12005.879,11994.217,11647.856,11733.064,12285.308,12397.788
303,12029.564,12034.992,11732.005,11797.8955,12251.203,12342.831
304,12031.258,12032.686,11858.81,11893.411,12173.82,12215.685
305,12285.909,12296.568,11390.549,11659.692,12871.657,13100.762
306,12416.582,12418.531,11752.775,11924.52,12895.383,13104.158
307,12126.018,12127.536,11074.217,11402.304,12839.285,13155.755
308,12002.182,12005.625,11807.954,11856.475,12141.807,12195.005
309,11898.289,11894.705,10799.776,11055.242,12708.314,12957.538
310,11557.404,11551.309,10985.894,11123.313,11993.283,12150.116
311,11486.082,11501.997,10870.233,11014.812,11939.612,12099.604
312,10743.888,10740.84,10595.211,10628.482,10864.708,10905.974
313,10693.315,10691.195,10540.625,10571.156,10818.342,10853.518
314,10701.154,10701.035,10537.51,10579.434,10826.35,10863.475
315,10724.046,10722.74,10574.461,10605.607,10850.585,10881.65
316,10749.807,10750.199,10593.628,10629.216,10875.777,10914.037
317,11105.079,11107.809,10939.031,10986.272,11221.987,11253.739
318,11321.7,11321.869,11160.635,11194.238,11437.484,11479.461
319,11191.908,11192.691,11035.956,11069.95,11311.6875,11349.201
320,11554.064,11554.8955,11397.668,11431.421,11684.195,11716.771
321,11356.71,11356.123,11193.923,11232.651,11474.132,11513.957
322,11168.62,11167.734,11001.277,11039.381,11292.317,11331.155
323,11190.301,11190.877,11027.29,11062.615,11320.174,11365.852
324,11105.668,11109.288,10945.375,10981.97,11224.694,11263.458
325,11006.102,11007.371,10846.889,10885.81,11128.903,11173.643
326,10981.002,10983.859,10822.207,10854.711,11104.559,11139.283
327,10959.367,10962.025,10790.484,10834.411,11081.148,11118.926
328,11188.087,11187.601,11036.212,11065.969,11309.099,11339.252
329,11535.427,11534.27,11367.95,11407.776,11652.688,11699.764
330,11614.558,11613.68,11443.184,11488.741,11745.213,11783.991
331,11240.964,11241.529,11085.904,11126.0205,11358.072,11392.183
332,11195.708,11197.944,11031.559,11071.51,11312.734,11350.297
333,10999.608,10999.117,10841.618,10877.693,11116.945,11149.02
334,11128.028,11124.209,10973.725,11008.218,11252.718,11297.707
335,11013.761,11016.73,10846.085,10886.643,11139.951,11171.917
336,12977.136,12972.338,12563.649,12651.94,13293.319,13422.8545
337,12454.273,12460.02,12205.331,12264.631,12629.652,12665.094
338,12083.401,12075.404,11705.839,11793.042,12396.768,12482.936
339,12056.738,12059.335,11838.7295,11878.846,12227.477,12270.645
340,11886.424,11882.235,11537.967,11637.578,12139.235,12211.137
341,12210.948,12205.817,11955.751,12018.592,12404.969,12471.635
342,12038.938,12044.686,11827.326,11879.091,12190.925,12241.577
343,12225.352,12224.658,12010.449,12058.355,12391.054,12435.561
344,12405.51,12406.162,12144.572,12205.32,12600.79,12648.765
345,12338.208,12338.232,12143.604,12184.751,12501.27,12556.815
346,12610.743,12606.55,12377.571,12435.43,12790.234,12848.415
347,12634.386,12636.907,12409.782,12455.147,12806.761,12856.665
348,12621.434,12613.367,12394.246,12440.851,12807.169,12863.591
349,12319.465,12320.783,12088.097,12142.516,12496.871,12546.096
350,12258.12,12257.918,12050.69,12097.038,12410.746,12451.729
351,12524.846,12528.185,12284.112,12348.427,12694.475,12750.133
352,12635.866,12631.96,12441.605,12482.59,12792.67,12833.425
353,12848.87,12853.769,12626.278,12684.748,13006.943,13059.037
354,13109.818,13108.542,12902.933,12943.508,13270.409,13312.925
355,12672.637,12667.383,12433.843,12484.897,12853.245,12921.972
356,12779.636,12783.492,12517.064,12580.606,12971.605,13039.651
357,12470.203,12468.909,12250.915,12301.897,12635.684,12682.972
358,12417.536,12414.8125,12187.576,12245.189,12598.519,12660.667
359,12085.922,12086.5,11863.99,11920.606,12243.587,12289.05
360,11719.346,11720.7705,11455.484,11515.478,11911.012,11969.032
361,11510.524,11504.093,11255.845,11318.156,11711.737,11778.02
362,11685.762,11683.822,11464.277,11514.968,11861.637,11915.656
363,11497.278,11503.272,11197.485,11272.949,11707.312,11780.961
364,11852.312,11848.926,11650.868,11698.843,12009.542,12061.408
365,11965.798,11965.973,11752.177,11795.085,12128.208,12182.964
366,11878.131,11878.726,11635.02,11706.63,12048.626,12128.514
367,12146.148,12144.51,11927.445,11974.084,12308.204,12370.151
368,12129.535,12128.776,11907.041,11958.62,12304.244,12341.403
369,12240.522,12238.736,12018.433,12071.8545,12408.4,12460.082
370,12420.784,12425.213,12191.325,12253.355,12583.638,12632.026
371,12549.474,12551.426,12320.647,12375.454,12711.252,12776.942
372,12704.601,12704.515,12500.308,12547.5205,12850.857,12912.991
373,12735.704,12739.488,12490.573,12558.437,12909.918,12965.675
374,12342.65,12344.049,12125.679,12175.985,12508.2295,12574.303
375,12673.383,12671.811,12463.608,12515.016,12836.218,12889.378
376,12877.661,12880.228,12647.504,12702.449,13050.551,13091.969
377,12983.258,12976.51,12771.934,12821.648,13146.912,13198.808
378,13252.54,13253.305,13004.515,13074.547,13430.674,13494.858
379,13088.194,13090.148,12843.2295,12896.384,13284.786,13342.863
380,12794.342,12796.75,12576.917,12639.579,12952.631,12994.545
381,12841.811,12841.402,12600.6,12649.612,13038.564,13112.134
382,12624.34,12620.219,12376.782,12449.086,12806.753,12848.888
383,12396.713,12395.191,12164.018,12208.998,12577.092,12638.271
384,12116.978,12118.262,11907.206,11951.774,12282.12,12330.112
385,11804.367,11808.116,11574.189,11619.923,11979.498,12042.086
386,12206.485,12204.654,11984.656,12036.434,12371.357,12427.748
387,12333.548,12333.691,12110.123,12151.499,12514.885,12558.744
388,12412.26,12408.24,12203.241,12244.341,12584.465,12632.905
389,12753.063,12757.831,12516.763,12581.31,12911.823,12979.15
390,13514.75,13515.75,13295.701,13344.348,13689.326,13746.319
391,14149.683,14154.84,13906.875,13960.844,14339.105,14383.367
392,14130.312,14125.829,13660.298,13766.008,14501.853,14647.063
393,14343.834,14351.354,13024.883,13340.278,15325.291,15628.253
394,14132.354,14113.093,13129.828,13403.499,14877.24,15174.0205
395,14276.475,14277.451,13993.606,14054.744,14497.36,14578.469
396,14036.258,14035.942,13771.802,13839.615,14221.595,14282.025
397,14108.913,14131.85,12715.169,13172.318,14999.433,15289.258
398,13950.641,13952.866,13730.397,13781.569,14118.24,14167.517
399,13863.849,13883.758,12402.834,12822.001,14917.862,15300.3
400,14538.01,14527.883,13855.532,14001.8,15131.121,15317.584
401,14676.14,14681.598,14094.489,14248.002,15139.873,15256.824
402,14237.969,14241.09,13993.704,14060.736,14415.91,14471.643
403,13991.202,13949.776,11326.051,12203.852,15848.197,16586.387
404,14110.628,14138.537,11326.782,12106.892,16015.453,16995.533
405,13693.831,13698.311,11722.224,12287.075,15138.492,15802.672
406,13520.152,13571.128,11622.59,12174.2705,14911.99,15405.294
407,13640.171,13701.252,11544.801,12209.419,14970.116,15471.582
408,12218.761,12222.999,12002.252,12062.483,12362.569,12416.475
409,12502.084,12499.408,12287.48,12338.371,12665.914,12729.806
410,12582.647,12582.847,12392.782,12428.583,12735.743,12785.298
411,12865.289,12870.242,12655.1875,12705.886,13021.02,13062.148
412,13047.994,13039.732,12850.402,12900.647,13208.86,13246.739
413,13173.851,13175.945,12970.409,13019.888,13325.117,13372.655
414,13077.266,13077.912,12864.987,12921.239,13230.41,13279.545
415,13524.208,13516.385,13327.062,13379.794,13680.586,13732.746
416,13153.594,13153.202,12951.986,12995.072,13309.183,13378.456
417,12940.226,12939.119,12725.75,12778.3125,13088.975,13159.936
418,12911.312,12912.415,12699.961,12750.908,13078.0,13118.938
419,12810.098,12811.318,12608.058,12653.349,12963.694,13008.428
420,12479.058,12477.15,12284.869,12325.365,12636.773,12693.735
421,12340.772,12336.348,12139.995,12187.671,12504.582,12543.871
422,12501.873,12505.959,12292.461,12346.1875,12651.132,12705.097
423,12977.044,12976.508,12775.616,12813.847,13145.46,13187.758
424,13100.49,13097.789,12899.544,12949.142,13257.008,13307.893
425,13659.237,13658.368,13443.945,13506.782,13821.094,13866.713
426,13638.29,13639.912,13432.606,13479.5625,13799.418,13844.494
427,13405.836,13403.198,13210.062,13252.307,13565.203,13606.474
428,13134.875,13134.177,12935.75,12978.472,13284.845,13338.665
429,12991.09,12984.441,12779.548,12828.929,13167.056,13211.45
430,12795.002,12791.817,12596.35,12637.173,12969.582,13010.754
431,12761.892,12756.364,12565.984,12609.676,12909.636,12957.593
432,13523.52,13521.553,13275.432,13332.683,13727.032,13780.033
433,13476.258,13474.776,13220.895,13292.681,13669.396,13725.414
434,13436.108,13435.652,13230.738,13285.438,13596.1455,13652.152
435,13635.82,13632.498,13432.144,13471.612,13809.165,13872.361
436,13736.966,13740.084,13509.435,13574.707,13902.512,13950.61
437,13810.984,13812.301,13592.906,13639.106,13973.087,14023.315
438,13805.469,13812.76,13589.097,13641.19,13965.825,14014.59
439,13720.609,13720.498,13512.128,13558.271,13872.742,13922.328
440,14090.772,14089.354,13853.922,13900.506,14281.575,14343.037
441,13841.942,13835.236,13530.407,13607.613,14076.082,14170.258
442,13403.734,13402.506,13134.033,13198.915,13610.3545,13680.513
443,13336.703,13337.813,13084.54,13148.938,13528.873,13595.883
444,13500.054,13501.826,13253.946,13316.491,13678.925,13735.359
445,13293.774,13290.133,13049.547,13105.144,13487.017,13549.523
446,13491.944,13492.025,13266.644,13318.414,13663.765,13724.544
447,13415.167,13416.902,13181.68,13235.371,13593.633,13650.815
448,13723.538,13721.012,13491.131,13542.912,13907.113,13960.612
449,14080.824,14079.117,13830.769,13890.565,14269.524,14336.909
450,13399.996,13398.849,13180.185,13242.8,13557.789,13614.973
451,13776.907,13777.339,13544.216,13614.426,13939.441,13992.881
452,13775.365,13771.907,13503.515,13559.514,13991.8125,14056.014
453,13624.402,13629.036,13400.17,13464.396,13772.292,13834.957
454,13380.138,13382.627,13099.316,13157.54,13583.318,13650.324
455,13375.864,13374.003,13159.953,13214.731,13543.003,13594.946
456,12171.75,12168.707,11970.696,12017.599,12327.047,12374.08
457,12082.18,12083.023,11876.16,11926.288,12231.069,12290.429
458,12013.235,12016.689,11798.745,11856.94,12177.48,12218.293
459,12283.427,12280.161,12072.153,12127.707,12441.142,12495.662
460,12654.469,12652.797,12441.284,12495.403,12811.994,12848.028
461,12891.798,12889.693,12693.704,12738.187,13051.405,13110.701
462,13223.19,13223.334,13025.868,13066.989,13385.213,13435.4375
463,13336.49,13334.539,13130.617,13184.317,13495.9,13539.405
464,12995.146,12994.206,12803.933,12842.985,13145.121,13188.783
465,12873.054,12872.527,12663.049,12715.013,13033.633,13075.224
466,12715.776,12717.417,12513.846,12559.012,12874.179,12911.892
467,12534.119,12533.772,12339.584,12377.659,12691.742,12726.673
468,12436.166,12431.031,12226.051,12277.176,12597.171,12640.161
469,12344.325,12345.106,12140.775,12184.046,12504.795,12554.349
470,12499.171,12500.646,12311.077,12346.941,12647.701,12685.481
471,12591.779,12593.385,12389.371,12433.777,12744.554,12789.997
472,12671.04,12665.006,12467.649,12523.885,12824.408,12880.82
473,12877.992,12881.166,12666.133,12714.912,13037.168,13084.975
474,13222.798,13224.365,13024.842,13072.659,13378.319,13417.032
475,12760.05,12757.251,12554.95,12603.357,12913.234,12974.039
476,12869.837,12866.19,12663.5205,12712.415,13021.819,13079.512
477,12821.715,12819.705,12623.285,12671.1045,12980.1045,13023.962
478,12682.717,12683.176,12472.238,12525.97,12848.795,12902.293
479,12515.441,12519.896,12310.364,12353.357,12672.962,12718.053
480,13140.767,13141.152,12896.9795,12957.058,13326.142,13382.786
481,13217.064,13215.186,13011.424,13061.955,13378.367,13434.056
482,13267.065,13267.236,13054.812,13100.407,13434.985,13485.906
483,13382.032,13382.613,13150.554,13205.333,13558.4795,13624.349
484,13800.79,13800.719,13570.74,13630.827,13969.367,14012.823
485,14070.614,14072.257,13807.846,13874.855,14266.804,14321.183
486,14290.462,14286.273,13935.206,14019.826,14574.568,14647.582
487,14214.162,14217.122,13784.89,13882.296,14559.114,14665.581
488,14233.337,14229.996,13885.741,13973.644,14503.005,14594.808
489,13708.759,13710.4,13132.712,13282.709,14146.791,14295.905
490,13633.369,13632.662,13423.016,13476.004,13795.609,13847.712
491,13615.818,13618.911,13241.536,13331.315,13899.989,13988.476
492,13241.972,13239.363,12945.468,13017.522,13460.042,13553.747
493,13588.001,13586.584,13381.238,13429.85,13747.734,13809.365
494,13403.939,13400.677,13118.923,13190.055,13621.13,13687.786
495,13586.028,13583.967,13348.941,13392.702,13775.045,13840.521
496,14134.03,14127.896,13790.796,13856.434,14413.256,14515.6
497,14155.076,14153.273,13737.904,13851.558,14457.428,14554.987
498,14348.241,14353.129,13815.502,13965.168,14733.6875,14868.589
499,13873.342,13869.446,13659.33,13708.395,14033.833,14096.435
500,13804.89,13802.576,13585.251,13641.472,13966.633,14026.034
501,13940.872,13941.2,13713.63,13763.372,14107.02,14161.1
502,13545.478,13548.026,13025.847,13148.45,13944.562,14083.706
503,13472.52,13482.59,12991.868,13127.713,13809.809,13945.331
504,2661.3938,2660.7756,2565.616,2583.879,2734.65,2760.3289
505,2603.365,2603.483,2552.9404,2565.0337,2643.208,2656.3506
506,2568.0823,2568.6226,2512.674,2523.0273,2611.9702,2626.3948
507,2494.4746,2494.8242,2446.3188,2458.96,2528.7212,2539.6106
508,2501.58,2502.5664,2398.7568,2428.1953,2574.3154,2606.4
509,2493.408,2492.1768,2418.3096,2438.041,2548.2393,2565.4514
510,2496.051,2496.5422,2432.2183,2447.8286,2542.235,2558.9128
511,2513.2134,2513.6484,2452.778,2466.1218,2558.4617,2574.4648
512,2530.0818,2529.7002,2472.8264,2486.1318,2572.75,2591.081
513,2590.136,2589.5164,2535.0046,2548.0388,2633.06,2648.3909
514,2609.7888,2609.2642,2567.295,2575.1455,2643.3687,2655.6409
515,2626.1636,2626.6558,2572.5625,2585.645,2664.5906,2675.563
516,2584.1467,2583.9392,2544.8506,2552.934,2615.9832,2625.3992
517,2620.6863,2620.711,2572.648,2584.4182,2657.6702,2667.2915
518,2570.7249,2569.9277,2529.279,2537.4846,2603.152,2614.4822
519,2671.8564,2672.2375,2626.9307,2638.4429,2705.1648,2715.599
520,2659.4385,2658.959,2613.8672,2624.361,2693.648,2707.664
521,2760.2505,2760.7437,2714.4377,2725.5083,2796.4998,2806.5703
522,2796.125,2796.19,2744.2915,2757.996,2834.7085,2845.4717
523,2689.2576,2688.5535,2648.3857,2658.973,2719.3406,2730.012
524,2682.208,2681.6348,2630.3938,2642.8345,2723.438,2735.8833
525,2612.5452,2612.6975,2569.417,2579.1172,2644.7659,2656.577
526,2605.1746,2605.3247,2563.574,2573.2822,2636.425,2645.9878
527,2561.809,2561.3877,2518.2798,2529.3982,2592.7588,2602.5483
528,2441.6594,2442.0723,2347.228,2371.2131,2509.1,2526.6843
529,2392.3972,2392.3577,2277.2095,2303.4517,2481.4434,2512.663
530,2426.284,2424.7615,2280.452,2319.923,2544.8386,2585.4895
531,2424.0088,2424.5723,2314.7656,2345.0557,2507.1614,2533.8296
532,2446.2542,2446.3416,2342.953,2374.3044,2522.881,2550.8691
533,2435.8408,2434.4644,2325.2046,2355.9954,2517.243,2540.3835
534,2508.2903,2509.8428,2443.0745,2456.941,2557.143,2575.4485
535,2512.8987,2512.94,2471.1086,2480.9702,2544.9014,2554.621
536,2525.864,2524.6436,2446.6506,2461.6353,2588.7837,2606.91
537,2531.508,2531.863,2489.262,2498.8835,2562.9045,2572.7375
538,2548.1729,2547.7632,2504.6475,2514.6348,2580.832,2591.2605
539,2573.9626,2574.5605,2533.0295,2543.1362,2603.437,2615.121
540,2575.2795,2575.2715,2533.7112,2545.2122,2606.097,2615.604
541,2555.243,2554.1746,2489.4983,2505.6907,2607.5332,2622.7698
542,2579.4097,2578.873,2533.7932,2545.7927,2614.3672,2622.7803
543,2623.6255,2622.7803,2578.9404,2591.9602,2656.7131,2668.3066
544,2616.6936,2617.5122,2571.507,2580.8206,2649.633,2658.311
545,2744.5835,2744.816,2699.3936,2709.7678,2780.1978,2788.5642
546,2768.6458,2769.2275,2724.2173,2735.52,2802.1282,2809.8557
547,2881.988,2879.2935,2810.8772,2829.4915,2938.1182,2958.0757
548,2709.2444,2709.505,2664.8792,2675.062,2742.7205,2752.3853
549,2834.8994,2836.2166,2741.9453,2767.834,2904.4949,2931.4817
550,2697.897,2699.1606,2615.9016,2638.1392,2752.1785,2777.2495
551,2671.8477,2669.5227,2592.6675,2610.7383,2734.944,2755.586
552,2331.7375,2331.6165,2291.1035,2300.403,2362.0305,2371.9324
553,2281.7686,2281.4277,2238.9065,2250.245,2314.5867,2323.8162
554,2289.158,2289.6396,2244.158,2254.763,2323.3533,2333.184
555,2322.4604,2322.834,2280.818,2291.1526,2353.9878,2362.6414
556,2361.3206,2361.8372,2318.8245,2330.221,2392.2478,2403.0693
557,2390.0454,2390.0842,2350.7693,2357.405,2421.52,2431.6252
558,2472.146,2472.5156,2431.017,2442.3835,2503.105,2514.5605
559,2528.347,2527.9275,2487.2004,2497.0762,2559.3188,2572.2578
560,2625.4158,2625.7095,2581.3274,2593.3806,2657.283,2667.223
561,2678.4922,2680.04,2636.3704,2644.97,2710.1558,2717.5608
562,2647.299,2646.6953,2603.752,2614.9302,2680.2786,2691.106
563,2630.9326,2631.1106,2588.5042,2599.2375,2662.9253,2671.466
564,2694.5996,2695.0957,2651.5388,2660.665,2728.796,2737.7024
565,2674.844,2675.0852,2633.282,2643.216,2707.3716,2717.7612
566,2640.1182,2639.9175,2600.0789,2608.4712,2670.4521,2680.9521
567,2668.1782,2667.6865,2626.0107,2637.1511,2700.2954,2709.951
568,2674.0186,2674.258,2631.0808,2640.4492,2705.7107,2714.9592
569,2748.3008,2747.9053,2704.7517,2714.8896,2780.338,2791.9937
570,2687.1223,2686.949,2641.8706,2653.8672,2719.9263,2730.2773
571,2644.264,2644.962,2601.3342,2612.1716,2675.5278,2685.1545
572,2601.9941,2602.275,2560.624,2569.1467,2633.5237,2644.2532
573,2587.965,2588.2354,2547.8196,2556.2024,2617.856,2629.6313
574,2562.987,2563.2212,2521.4265,2530.5715,2595.7495,2604.733
575,2566.9197,2567.3022,2523.7039,2533.2097,2598.9333,2607.5828
576,2593.9287,2593.7634,2552.3926,2562.2542,2625.1243,2635.4973
577,2560.452,2561.59,2518.5403,2529.3477,2590.0796,2599.4314
578,2565.3855,2564.46,2522.997,2532.8901,2599.3965,2609.3213
579,2544.5876,2545.2935,2500.2498,2512.6477,2576.5205,2586.0938
580,2618.0222,2617.983,2576.8271,2585.8303,2650.207,2658.6343
581,2606.34,2606.6743,2563.1997,2573.2046,2637.9238,2649.4775
582,2741.4358,2741.908,2699.773,2709.51,2773.8413,2785.843
583,2697.449,2696.852,2655.8691,2666.3008,2730.7202,2741.4255
584,2755.6833,2755.313,2711.974,2722.5618,2789.368,2800.2273
585,2726.23,2725.6416,2682.2788,2693.7837,2759.7383,2769.3315
586,2667.9268,2666.5762,2626.5298,2639.0764,2698.2979,2709.349
587,2649.3127,2648.6418,2612.1858,2619.515,2681.0293,2690.4937
588,2614.1484,2614.857,2575.0688,2584.517,2643.6497,2654.1062
589,2630.1675,2630.5273,2586.455,2597.838,2661.684,2671.341
590,2612.2007,2611.5442,2572.87,2581.4644,2643.0107,2651.7856
591,2724.1042,2723.7825,2682.023,2691.68,2756.0044,2766.489
592,2691.2485,2689.994,2651.561,2660.6355,2723.1943,2735.7341
593,2858.0134,2857.855,2816.6719,2825.7942,2888.8062,2898.7522
594,2774.0168,2774.351,2731.2864,2741.818,2805.4639,2816.8918
595,2781.43,2781.6475,2742.0505,2750.5574,2813.739,2824.808
596,2756.56,2755.862,2714.4797,2723.639,2789.164,2799.7961
597,2728.305,2728.346,2685.4263,2695.8857,2761.3818,2769.2378
598,2684.4417,2684.1406,2645.9062,2655.1018,2715.7566,2724.0618
599,2621.7866,2621.07,2579.5015,2591.3245,2654.8494,2663.1052
600,2694.4236,2693.8958,2655.2502,2664.1506,2726.7446,2735.9617
601,2639.1855,2639.4119,2598.7102,2606.8118,2670.0579,2681.9014
602,2609.1753,2608.9312,2564.9475,2575.2358,2642.5962,2652.628
603,2585.4395,2584.9873,2543.92,2553.634,2618.5886,2629.6262
604,2645.3076,2645.077,2605.3499,2613.9583,2678.7502,2689.862
605,2693.6736,2693.4934,2649.8906,2661.3313,2726.556,2736.3054
606,2766.044,2765.4692,2725.3362,2734.4153,2798.4778,2807.3296
607,2786.6396,2786.719,2745.7861,2752.692,2818.2478,2825.7441
608,2869.0154,2868.233,2829.5332,2838.3267,2899.9392,2909.389
609,2845.757,2846.3584,2801.2378,2813.0774,2876.8794,2888.094
610,2821.7754,2821.3315,2778.1533,2789.0208,2854.5132,2865.9126
611,2762.8235,2763.8032,2722.181,2730.7385,2793.4514,2801.1292
612,2789.837,2790.2031,2747.0825,2757.6091,2821.471,2834.2527
613,2771.2595,2771.011,2725.1484,2738.3423,2806.5342,2818.675
614,2746.003,2746.0967,2704.9817,2713.6023,2779.4585,2788.6353
615,2783.7954,2784.3574,2742.81,2752.2957,2815.5598,2824.0706
616,2821.8188,2821.7898,2779.8403,2789.8171,2854.0884,2863.5962
617,2903.7617,2904.1792,2861.2773,2871.0598,2936.034,2945.3943
618,2789.5664,2788.854,2746.906,2756.2854,2821.587,2831.694
619,2793.9626,2793.894,2752.9316,2762.7148,2825.978,2838.7231
620,2787.3838,2786.9558,2743.8926,2754.0256,2818.62,2832.2695
621,2815.0403,2814.648,2773.0413,2781.6465,2847.495,2858.1108
622,2742.9111,2743.6267,2697.3997,2709.3635,2775.0762,2786.8015
623,2697.0815,2696.688,2656.2378,2665.589,2729.2898,2737.6824
624,2681.6875,2681.1865,2637.9773,2649.7327,2717.6045,2725.978
625,2592.735,2593.0603,2547.7747,2558.8677,2626.7168,2637.3574
626,2548.8328,2548.73,2502.9707,2513.181,2583.884,2593.668
627,2563.3296,2563.915,2521.5022,2529.5063,2595.519,2607.4775
628,2620.189,2619.7778,2577.5278,2585.6821,2654.9895,2664.6724
629,2605.1694,2605.7246,2561.1533,2573.196,2636.7856,2645.965
630,2763.1084,2762.93,2720.9014,2731.256,2794.741,2804.0088
631,2823.2068,2823.249,2783.0432,2793.176,2853.5215,2864.0186
632,2929.4602,2930.043,2881.1123,2893.2097,2962.9463,2973.185
633,2871.3513,2871.7837,2829.3818,2837.9285,2905.1208,2914.8628
634,2911.632,2912.8345,2855.9602,2871.8516,2949.5103,2963.9976
635,2882.765,2881.419,2835.061,2846.5127,2919.1875,2931.2578
636,2756.6316,2756.2622,2713.7979,2723.327,2789.6475,2800.3315
637,2815.9036,2814.9,2770.2039,2782.1677,2850.9395,2860.925
638,2741.3696,2742.0432,2697.9678,2708.4382,2774.1487,2785.0015
639,2903.1658,2903.025,2858.3906,2869.5967,2937.2896,2947.9897
640,2972.755,2971.4395,2927.597,2937.9604,3008.1162,3021.8953
641,3049.438,3049.9814,2997.8691,3010.9429,3091.2874,3102.7373
642,2958.6714,2957.6836,2911.1523,2923.6772,2995.5613,3007.6077
643,2916.0598,2916.4507,2871.1328,2881.746,2950.2612,2961.6267
644,2913.7915,2913.5378,2868.838,2878.9746,2949.1333,2960.49
645,2860.8064,2860.5786,2817.772,2827.8447,2893.847,2906.6472
646,2909.4255,2909.9707,2855.2166,2870.101,2947.5588,2959.3254
647,2769.7405,2769.9607,2729.6318,2737.911,2801.8093,2808.7876
648,2805.1992,2804.8694,2749.0645,2761.3225,2848.686,2861.2979
649,2673.0999,2672.7998,2630.3877,2639.8599,2705.9587,2715.369
650,2646.2278,2646.1604,2594.7542,2607.475,2683.066,2695.9172
651,2664.0613,2663.831,2620.6,2631.059,2697.1794,2706.991
652,2686.3772,2686.8066,2637.3484,2647.7178,2722.6853,2734.8154
653,2763.4634,2763.6567,2718.136,2726.6326,2799.0852,2811.397
654,2823.9536,2824.262,2771.8945,2785.8584,2863.2202,2875.6433
655,2894.754,2895.9507,2839.868,2853.367,2933.47,2944.0364
656,2843.2004,2842.6392,2797.8694,2809.9412,2876.2278,2883.9385
657,2893.1223,2892.7104,2851.4763,2861.215,2927.2654,2937.9724
658,2965.8186,2966.8716,2848.207,2879.145,3049.6255,3083.2002
659,2864.605,2864.8887,2822.7795,2833.3984,2897.7632,2904.248
660,2884.8875,2884.605,2844.3223,2854.5261,2916.7998,2928.5137
661,3010.94,3012.1675,2941.245,2958.2778,3061.297,3077.3308
662,2954.193,2951.5703,2807.1133,2845.4165,3065.8875,3098.3054
663,2998.2192,2999.607,2878.917,2912.8,3084.7642,3112.1404
664,3040.3452,3041.5552,2965.0217,2986.7761,3093.7502,3108.7683
665,3090.4126,3090.6602,2932.218,2978.5164,3203.14,3241.1963
666,2944.233,2944.142,2898.1208,2911.2961,2979.075,2988.3853
667,3031.2644,3031.6685,2824.484,2875.2239,3186.2234,3255.747
668,2974.5117,2971.879,2667.0303,2750.1995,3201.52,3278.321
669,2913.046,2914.0835,2652.5396,2728.2537,3093.871,3158.2205
670,2888.8887,2881.7021,2659.9448,2725.4814,3059.3281,3135.2424
671,2863.5518,2864.16,2817.9636,2827.9377,2898.5715,2907.2578
672,3249.5188,3250.2966,3185.284,3203.524,3295.7798,3308.6067
673,3168.9685,3167.5962,3038.113,3076.513,3275.439,3310.4688
674,3156.6648,3155.0752,2989.39,3029.5564,3284.2651,3333.1042
675,3114.2944,3114.0532,3015.5854,3039.0986,3191.1084,3217.6018
676,3072.08,3071.548,3017.513,3030.6133,3113.3538,3127.43
677,3067.5537,3068.7708,2979.03,2999.2566,3133.1714,3156.3037
678,3061.252,3061.9648,2984.5312,3002.186,3115.6196,3130.0684
679,3075.8828,3075.3984,3022.2148,3033.8164,3117.639,3130.9753
680,3124.178,3122.7651,3058.6128,3074.9604,3174.7554,3194.0706
681,3121.622,3121.4268,3070.868,3082.6777,3163.4663,3176.3171
682,3200.704,3201.0078,3132.9702,3150.9624,3250.4475,3266.0366
683,3192.906,3193.1575,3137.7507,3152.7234,3234.4993,3247.1067
684,3294.2944,3295.3804,3225.336,3245.5437,3339.743,3361.18
685,3237.5813,3236.7334,3178.2432,3192.4153,3282.895,3296.5352
686,3190.912,3190.8262,3136.2244,3147.296,3233.6423,3244.968
687,3166.9944,3165.3076,3118.7808,3129.6943,3205.2466,3219.8696
688,3288.373,3288.4648,3224.4666,3239.4014,3335.766,3351.291
689,3291.981,3293.4214,3239.6836,3252.5222,3332.0334,3344.163
690,3190.4243,3190.3037,3136.4595,3149.257,3230.9321,3242.563
691,3197.2566,3198.1013,3142.6882,3156.3071,3238.184,3249.6284
692,3231.567,3231.3953,3165.7478,3182.9612,3282.2278,3298.346
693,3221.9104,3222.6143,3163.1265,3179.852,3259.8503,3275.9402
694,3151.9302,3151.3198,3093.0864,3107.3953,3193.8586,3209.9097
695,3081.412,3079.2085,3029.27,3043.4685,3123.1057,3134.211
696,3070.6975,3071.0308,2951.6423,2984.6343,3156.2727,3183.0198
697,3025.5027,3025.397,2928.704,2956.4194,3099.9216,3126.1223
698,2986.1506,2984.7178,2927.302,2939.8257,3028.1792,3043.5078
699,2899.7842,2901.4187,2810.2188,2834.0774,2961.06,2981.5388
700,3019.0352,3017.5347,2931.6538,2951.1077,3089.1204,3113.3442
701,2980.4248,2981.0454,2893.2773,2914.8962,3041.6504,3056.931
702,3080.1016,3080.395,3021.8936,3037.0908,3124.6309,3136.6848
703,3047.3315,3046.0906,2978.6958,2993.1536,3102.8877,3122.5
704,3106.6958,3107.1787,3052.6062,3066.0898,3150.689,3165.8357
705,3110.9944,3111.5234,3055.5076,3069.901,3152.3323,3166.4016
706,3195.155,3195.9863,3137.0103,3150.102,3237.6216,3250.4514
707,3180.2742,3179.6428,3117.5254,3134.2673,3226.27,3238.4067
708,3092.3923,3092.1436,3041.6155,3053.2224,3131.6035,3142.9983
709,3254.7556,3253.2778,3194.4636,3210.7795,3301.9304,3312.802
710,3237.1335,3235.8892,3173.8115,3189.4084,3286.1313,3301.3533
711,3195.8745,3197.8076,3136.4827,3152.1138,3237.9656,3251.4292
712,3237.8855,3237.9993,3179.102,3194.5303,3282.3862,3296.2212
713,3312.387,3311.976,3259.8157,3272.1055,3352.143,3365.1782
714,3268.9375,3269.143,3219.3633,3231.038,3310.233,3320.4558
715,3271.2336,3272.2043,3216.4417,3228.016,3313.9958,3326.6897
716,3348.9487,3347.8257,3287.8806,3302.5774,3395.6597,3408.107
717,3249.0144,3248.4712,3195.2498,3208.599,3290.3774,3302.0398
718,3185.3054,3185.3418,3133.9836,3145.7983,3226.6296,3239.4224
719,3061.383,3062.3496,3004.4502,3020.4624,3101.623,3112.3013
720,3018.8396,3018.588,2968.8687,2979.9407,3057.253,3070.2705
721,2589.5466,2589.9626,2524.5535,2539.804,2637.3672,2652.1582
722,2812.0698,2812.7039,2754.5696,2768.693,2853.4473,2867.1423
723,3131.0332,3129.2395,3080.824,3091.935,3170.8535,3182.8413
724,3205.274,3205.1047,3153.941,3164.7366,3244.3174,3255.2422
725,3311.586,3312.0593,3257.2173,3269.285,3353.6746,3363.2607
726,3438.9102,3437.9646,3389.333,3399.7683,3480.0974,3494.2703
727,3573.1191,3574.063,3519.4753,3531.8726,3613.6414,3625.2883
728,3655.807,3655.525,3596.2834,3613.5784,3699.8367,3713.4275
729,3718.212,3718.4292,3656.5452,3672.3713,3762.7747,3779.2349
730,3741.3333,3738.6184,3676.1958,3691.0923,3794.9397,3811.3616
731,3723.1636,3723.394,3662.396,3677.5918,3768.6653,3782.5422
732,3757.132,3757.1533,3689.1377,3705.7986,3808.932,3822.1443
733,3767.963,3772.1943,3389.577,3501.519,4039.2207,4161.186
734,3763.989,3769.3037,3208.1338,3358.5984,4136.7925,4290.675
735,3742.6013,3742.0767,3534.3423,3593.935,3883.5312,3938.8555
736,3760.2349,3750.4736,3128.6257,3297.1174,4250.0303,4439.7554
737,3708.4146,3709.0825,3649.5994,3662.8604,3751.1348,3766.5186
738,3789.916,3795.732,3552.2717,3605.361,3961.4353,4030.423
739,3669.6587,3668.6318,3601.113,3617.5503,3723.3035,3735.5684
740,3697.703,3671.4468,2683.3667,2999.0984,4394.44,4730.008
741,3715.0476,3713.0085,3385.5662,3485.1921,3948.4795,4041.013
742,3619.215,3618.9922,3553.04,3571.2468,3665.9087,3682.3645
743,3618.6772,3617.495,3549.8364,3565.3538,3668.5503,3686.8123
744,3225.3328,3225.6626,3175.3103,3188.213,3264.4229,3276.7913
745,3175.825,3176.615,3122.1812,3133.8296,3217.4663,3229.0532
746,3180.203,3178.4805,3132.014,3141.6345,3219.7732,3232.7144
747,3204.336,3202.6785,3152.1614,3163.5474,3244.843,3260.6401
748,3312.0503,3313.5295,3260.1138,3271.4102,3352.8066,3362.367
749,3335.7524,3334.233,3286.5676,3299.055,3373.4834,3389.9595
750,3394.5232,3394.8179,3346.7183,3354.7336,3433.2349,3445.7588
751,3555.6233,3555.3203,3503.8108,3516.6985,3595.2927,3608.3518
752,3551.4653,3551.4282,3496.394,3510.3982,3592.971,3603.9602
753,3338.085,3337.8022,3287.3196,3297.2134,3378.0007,3388.391
754,3428.1611,3428.582,3375.6929,3385.2783,3469.4612,3483.0898
755,3384.115,3383.2505,3330.0085,3343.9294,3425.4607,3438.486
756,3362.9763,3363.5454,3307.1914,3321.068,3405.565,3415.863
757,3262.6743,3263.3022,3208.838,3220.8782,3303.0105,3315.1047
758,3315.1743,3315.7622,3263.5637,3274.22,3355.6646,3366.7168
759,3313.4175,3314.8843,3258.0376,3272.7212,3351.993,3364.1685
760,3415.4517,3414.749,3365.3691,3374.7786,3455.5125,3470.7292
761,3432.538,3433.2136,3376.627,3390.3745,3471.8218,3483.4846
762,3468.1082,3466.5488,3414.8052,3427.7397,3508.8074,3520.8435
763,3371.5166,3370.5576,3320.7102,3330.222,3412.8115,3424.692
764,3434.4695,3435.5356,3380.6096,3394.2239,3474.6414,3489.4143
765,3394.278,3393.628,3340.219,3354.571,3435.1487,3450.7925
766,3345.632,3345.8396,3291.6719,3303.5725,3388.9028,3401.7803
767,3291.2146,3291.3706,3238.7012,3249.708,3333.4434,3346.0146
768,3253.4092,3253.086,3197.531,3213.2495,3294.8643,3307.7754
769,3253.66,3252.976,3204.848,3215.9634,3293.2876,3304.758
770,3255.974,3255.4614,3203.8455,3215.1624,3298.0251,3308.4963
771,3279.491,3279.6528,3225.7417,3237.1582,3321.7783,3332.7346
772,3329.2148,3330.2498,3275.8713,3286.6702,3372.3044,3381.633
773,3380.978,3382.3555,3327.9756,3339.2517,3422.2456,3432.3525
774,3469.7585,3468.6836,3416.1804,3430.1638,3508.5508,3522.572
775,3479.8667,3478.956,3427.9238,3442.3667,3518.9617,3533.0962
776,3476.5735,3475.7764,3423.5706,3434.3962,3519.6982,3532.3237
777,3460.0405,3460.3564,3403.165,3418.211,3501.817,3512.3337
778,3321.193,3321.5916,3265.703,3278.8826,3361.5288,3374.4688
779,3380.157,3379.5276,3329.1897,3340.546,3419.7932,3430.3047
780,3334.356,3334.853,3281.7324,3294.6013,3375.0337,3388.998
781,3344.4766,3346.3994,3288.2332,3305.263,3383.0178,3396.9604
782,3344.3315,3343.7354,3291.844,3304.725,3385.956,3396.9053
783,3368.975,3368.4546,3320.2793,3329.9727,3409.5654,3419.873
784,3292.9414,3292.3364,3239.3127,3253.788,3334.2085,3346.5354
785,3419.236,3419.105,3366.8025,3378.38,3459.787,3471.6213
786,3384.6711,3383.458,3328.5146,3340.514,3428.6018,3441.7856
787,3343.9106,3343.496,3293.788,3305.1174,3382.8179,3396.0344
788,3331.3462,3330.7292,3280.4666,3293.0745,3371.5564,3384.8774
789,3316.311,3315.8271,3264.5615,3276.8613,3355.4836,3368.792
790,3269.675,3270.4739,3213.7593,3228.259,3311.291,3323.8884
791,3247.6975,3247.372,3195.605,3209.7163,3286.7668,3300.998
792,3163.9795,3162.8384,3112.7751,3123.6836,3204.064,3216.6023
793,3143.2395,3142.896,3095.2256,3106.2615,3181.4792,3193.7551
794,3136.0693,3135.7876,3080.5608,3095.9988,3176.087,3188.532
795,3188.008,3188.3032,3133.5276,3147.0266,3228.301,3238.7576
796,3240.384,3239.8438,3188.5754,3199.2097,3282.3606,3291.6333
797,3255.8872,3255.9219,3204.4111,3215.2937,3296.0554,3306.8152
798,3408.4993,3408.7234,3354.974,3369.1157,3451.5637,3462.2388
799,3491.4048,3491.4277,3440.7747,3450.4077,3531.9946,3544.7266
800,3424.8572,3424.8564,3370.491,3383.795,3464.992,3478.118
801,3385.6328,3385.0186,3331.682,3345.1985,3426.7363,3438.222
802,3366.0396,3366.3462,3316.9622,3327.158,3404.369,3420.2837
803,3271.5981,3272.072,3222.419,3232.7708,3310.519,3324.3337
804,3250.8584,3251.1301,3197.5486,3211.1501,3289.7957,3300.8845
805,3315.859,3315.8481,3262.7822,3277.2317,3356.7424,3368.7483
806,3361.0706,3361.0354,3308.9163,3322.934,3397.6833,3411.5808
807,3386.8826,3386.6577,3336.587,3346.506,3425.0598,3438.6184
808,3341.083,3340.8306,3289.5151,3302.5122,3380.3137,3392.8198
809,3490.699,3490.3652,3440.1836,3452.8206,3531.057,3540.7761
810,3361.7585,3362.1055,3308.6199,3319.8137,3401.0803,3413.9211
811,3391.2102,3389.9563,3335.7017,3351.3723,3434.6462,3445.2473
812,3362.3694,3361.7769,3310.818,3321.875,3406.0886,3417.4136
813,3330.2385,3331.1306,3277.1453,3285.765,3371.5623,3383.8167
814,3289.0435,3289.4033,3239.2817,3252.2314,3326.426,3334.7595
815,3220.5347,3219.7778,3168.7454,3181.7432,3259.7336,3268.6052
816,3587.6887,3587.6016,3516.7915,3535.2507,3642.772,3659.4446
817,3465.6172,3465.7837,3412.5461,3422.8992,3506.7173,3521.6072
818,3675.5056,3679.3823,3524.8472,3558.6191,3784.163,3828.1572
819,3692.371,3691.2734,3484.0532,3540.4246,3850.3687,3902.3867
820,3658.288,3656.3647,3594.797,3609.219,3711.9268,3725.623
821,3753.3596,3744.9255,3296.2222,3420.7915,4074.8462,4243.6855
822,3813.601,3812.2769,3540.6519,3610.1501,4024.349,4091.44
823,3846.7683,3838.5706,3277.9158,3419.2349,4334.3066,4535.754
824,3810.1924,3806.0288,3512.4253,3588.9395,4036.973,4131.2646
825,3665.8887,3693.9707,2428.1304,2840.4763,4607.768,4983.938
826,3737.3118,3712.0557,2505.0942,2926.3948,4602.9697,4887.6943
827,3696.8782,3673.2983,2465.097,2814.4502,4542.945,5201.174
828,3754.348,3715.3743,2778.9126,3047.137,4418.432,4703.23
829,3691.5208,3691.2373,3532.439,3569.658,3817.884,3862.57
830,3608.9285,3586.3777,2591.046,2908.0757,4332.191,4738.6875
831,3753.0884,3753.69,3327.1523,3453.83,4061.3564,4167.0947
832,3761.39,3747.485,2732.2012,3032.469,4497.358,4847.025
833,3713.144,3674.4282,2637.7363,2998.4114,4363.388,4694.374
834,3740.4766,3716.317,2409.2678,2847.3403,4586.127,5307.286
835,3592.4329,3585.1875,2479.821,2830.3613,4383.2544,4827.43
836,3672.5613,3711.1074,2313.0308,2819.18,4601.5117,4994.5728
837,3689.5513,3690.5159,3572.062,3600.7947,3779.9148,3808.704
838,3657.4624,3671.6274,2334.2063,2778.6472,4534.7676,4957.413
839,3467.1711,3502.166,2205.3918,2688.457,4324.1714,4723.9253
