TFT,TFT-median,TFT-lo-90,TFT-lo-80,TFT-hi-80,TFT-hi-90
886.47363,886.568,870.466,874.4051,897.799,901.06195
863.08,862.8965,847.59344,850.6863,876.01855,879.7371
852.66,852.32544,834.75946,839.6654,866.11554,869.772
851.80585,851.94836,835.8463,839.2928,863.3127,867.2127
871.26697,871.0862,855.8798,859.8541,883.60754,887.0903
915.4305,915.6035,896.8867,902.0444,928.9747,932.6741
985.7052,985.7855,969.9969,973.485,997.4285,1000.99207
993.10895,993.4978,977.1598,980.8986,1004.4734,1009.0203
913.4669,913.4795,897.53674,901.41907,925.5853,929.29584
801.0541,800.59467,785.4437,788.7795,813.5427,817.0876
712.37573,712.3182,695.8863,700.81067,724.31995,726.8487
650.48486,650.5604,634.82764,638.63165,662.34265,666.2952
611.8894,612.26825,596.04944,600.10724,624.11414,627.368
586.3534,586.0885,571.2894,574.0208,598.5133,602.7784
588.5981,588.77277,572.03766,575.91174,600.9092,604.10516
625.1254,624.8782,610.1783,613.05695,637.31885,640.2895
710.613,710.8878,694.2712,698.0934,723.2306,726.3324
834.5493,834.5808,817.3686,821.62054,847.2827,851.0187
945.50995,945.33154,928.9602,933.83044,957.50604,961.4925
1038.807,1038.811,1022.50134,1026.7325,1051.5669,1055.2378
1047.2906,1046.8933,1032.1573,1035.6016,1060.3682,1063.8562
996.5284,996.5659,979.49225,983.6703,1008.9813,1012.5544
930.55206,930.34564,915.3583,918.5812,942.73346,947.31854
871.6696,871.8359,855.7611,859.36896,883.5601,886.4981
829.2294,828.9385,812.9577,817.4841,841.1881,845.6564
797.2431,797.5641,780.8551,784.4668,809.8763,814.2741
782.2909,782.3843,766.05585,769.7363,794.61743,798.11554
778.2516,778.6361,761.91846,765.2372,791.16235,794.56134
787.38165,787.13855,771.206,775.77057,799.9998,803.6589
822.1892,822.5144,804.82684,809.05585,834.72394,838.1316
882.85767,883.00366,867.4495,870.4931,895.0248,898.7792
914.57715,914.46893,898.78986,903.2961,926.1769,930.2526
917.34906,917.66327,901.744,904.3835,929.7974,932.63696
846.7139,846.6625,830.6857,834.4287,859.03723,863.34924
759.536,759.7471,744.34564,747.69556,770.74054,774.4584
660.6974,660.7156,645.2022,648.4801,672.78033,676.522
680.8644,680.65857,664.72815,668.33636,692.9454,696.64
684.98975,685.09973,669.0138,672.654,696.975,701.00146
748.9344,749.09937,732.7815,736.4186,761.73694,764.45636
721.77747,721.97046,705.7609,709.41266,733.0514,737.1401
748.1328,748.21204,732.7294,736.1819,760.2323,763.8707
833.7944,833.93384,818.29517,821.6958,845.6346,848.95795
913.829,913.9433,897.09827,901.9996,926.41504,929.6461
995.0533,994.8927,979.91046,982.95667,1006.84125,1010.04755
1005.1092,1005.3336,989.2842,992.92725,1017.4395,1020.8971
956.93866,956.41516,941.6913,945.19037,968.9758,972.71844
901.65186,901.6029,885.6038,889.2576,914.1636,917.90497
843.3986,843.5609,827.5848,831.0369,855.9333,860.1074
794.2452,794.44275,778.0755,782.13495,806.3678,809.843
762.8031,762.5761,747.05304,750.5641,775.87897,779.83057
739.40173,739.53455,723.85376,727.4771,751.2504,754.7163
739.1677,739.19904,724.1381,727.1202,750.9201,754.65
739.5841,739.9061,723.1882,726.91656,752.14453,756.6948
761.891,762.1603,745.0633,749.15344,774.4424,778.3243
787.5631,787.5454,771.53564,774.87933,799.94855,803.3009
807.9042,807.73584,792.9103,796.57355,819.8074,822.97473
845.30347,845.2578,828.25433,833.1831,857.5632,861.5883
910.9974,910.68884,895.64166,898.8649,923.2983,927.1384
923.8205,923.6316,908.22107,911.88245,935.8797,939.58777
979.45953,979.4627,962.58514,966.499,991.8263,996.4972
1001.2,1001.1664,985.5208,989.22235,1012.57166,1017.1497
1002.74994,1002.4045,987.7006,990.82025,1015.5629,1019.1144
984.1267,984.01636,968.209,972.4065,996.2913,999.5522
990.71545,990.87885,974.77856,978.31433,1003.2221,1006.34906
1011.026,1010.7197,995.1354,999.1993,1024.1421,1027.311
1040.1423,1040.02,1024.6411,1027.9379,1052.467,1056.0974
1050.4843,1050.5908,1034.4338,1037.6436,1063.048,1066.5176
1072.9647,1072.9841,1057.239,1061.4052,1085.3582,1089.3854
1038.4363,1038.3779,1023.73627,1026.4172,1049.6323,1053.8286
986.06506,986.0135,970.6428,973.8484,998.62823,1002.04736
926.2889,926.15564,910.7991,914.1397,938.7337,942.3935
870.6561,870.6571,854.8464,858.5395,882.6839,886.0242
825.0913,824.57227,809.1901,812.41693,837.6033,841.6108
787.3352,787.02203,771.82806,775.16144,799.744,802.9482
770.086,769.7757,753.50775,757.55414,783.41016,786.9857
755.14465,755.0214,739.23236,743.3499,767.50684,771.3648
761.8895,761.9822,746.0516,749.7185,773.9616,776.92365
768.0007,767.82886,751.6611,754.7277,780.50024,783.8342
797.2438,797.33997,781.10126,784.5835,809.28345,813.1034
804.59015,804.6759,788.34827,792.2949,816.68933,820.4206
827.9895,828.0151,812.11084,815.6453,840.0019,843.98083
869.7276,869.2931,853.5833,857.2471,882.36633,885.2762
891.0382,891.07526,874.3433,878.25714,903.7028,907.72784
869.9491,870.13385,853.8537,857.3863,882.93207,886.4093
874.1701,874.1286,857.10443,861.98035,886.15826,889.87317
893.7387,893.82764,878.24066,881.61115,906.0406,909.516
825.393,825.1184,809.59424,813.66394,837.451,841.00916
853.2092,853.22314,837.5587,841.44183,865.8819,869.5314
920.61237,920.48035,904.10406,908.02844,933.273,936.5843
960.33777,960.31366,944.5876,948.10645,972.65173,976.4435
986.6269,986.7158,970.4996,974.07275,999.11334,1002.67126
1029.8616,1030.2578,1012.9449,1016.65436,1042.1711,1046.3243
1024.4053,1024.4111,1008.96136,1011.9433,1037.1768,1040.6401
967.0668,966.99634,950.17596,954.10406,979.5489,982.98486
911.2723,911.1791,894.7731,899.01117,923.63464,928.1849
853.1996,853.1432,837.4865,840.97754,865.93524,869.3874
802.99713,803.07886,787.01245,790.23083,815.9354,819.0348
776.7194,776.99994,760.58887,764.35895,788.60474,791.86676
765.38257,765.2177,749.15753,752.8213,777.82623,780.6819
762.6529,762.86163,746.7707,750.33887,774.6289,778.71844
775.495,775.359,760.11804,763.41754,787.6793,791.1465
818.0931,817.97034,803.2071,805.9349,830.4383,833.2465
882.0662,881.91974,866.975,870.32385,894.56854,898.3396
918.2808,917.8506,903.3898,906.3764,930.582,934.4313
946.7809,946.63367,931.07935,933.95013,959.6371,962.4581
945.15857,945.0707,929.00323,932.97253,957.29565,961.458
927.0521,926.8852,911.60284,914.8717,939.1441,942.9053
892.38007,892.0858,876.7473,879.90875,905.0173,909.0725
817.689,817.8271,800.8213,805.1147,830.3755,834.05963
718.2339,718.1619,702.518,706.06,730.0405,733.60236
755.2773,755.38477,739.95087,742.68976,767.04486,771.14233
822.5717,822.633,805.96906,810.00336,834.72473,837.7935
932.6249,932.4127,916.547,920.8462,945.08167,947.96594
999.2588,999.3086,983.277,986.6511,1011.4797,1014.93744
1027.249,1026.8936,1011.4118,1015.73846,1039.1997,1042.831
1059.2302,1059.5792,1043.0692,1046.3502,1071.6792,1075.7667
1062.7224,1062.6589,1045.5448,1049.8147,1075.3258,1078.1338
1007.8785,1007.7101,991.68805,995.4633,1020.37524,1024.9387
946.9451,947.2243,932.1807,935.1501,958.8441,962.2213
881.7579,881.401,866.25415,869.9932,894.3993,898.65247
838.0675,838.1846,821.34454,826.19305,850.4435,853.375
811.53217,811.61206,796.0792,799.6944,823.22235,827.77185
793.9114,793.6994,778.9739,782.6708,805.8239,809.4156
791.8561,791.7328,776.0272,779.41425,804.75006,807.73535
803.4636,803.82544,787.18726,790.92084,815.5127,819.1921
841.9963,842.1042,827.0224,829.85095,854.1603,857.1086
901.08374,901.0187,884.9029,889.32355,913.03174,916.7897
941.82513,941.7891,925.57764,929.495,954.345,957.7071
983.3396,983.55975,967.698,971.1791,995.41016,999.25287
1004.50085,1004.8418,988.54034,992.689,1015.98016,1019.07587
997.07465,997.22845,979.43396,983.9424,1010.6116,1013.7793
978.36224,978.557,962.8473,966.44147,990.2544,994.27435
965.81683,965.78516,950.0173,953.6061,978.43665,981.3117
954.40894,954.37573,938.65643,942.1763,966.86725,969.7435
963.2191,963.0105,947.8919,950.54865,975.3227,979.1407
957.86774,957.9087,941.47723,944.89087,970.8528,974.3218
997.83386,997.9713,982.03656,985.5007,1009.7096,1013.62714
1055.7164,1055.77,1039.6672,1042.9744,1067.7269,1071.4706
1083.0375,1083.1709,1067.1151,1070.593,1095.2399,1098.7842
1125.3425,1125.0825,1108.7767,1112.5299,1138.229,1142.028
1104.426,1104.449,1088.3925,1092.4347,1116.5507,1120.719
1055.2388,1055.0393,1040.2139,1043.8837,1066.9951,1070.919
990.09326,990.2898,973.90106,978.00555,1001.776,1005.665
933.62115,933.4669,918.13293,921.73846,945.0599,949.35156
8724.555,8726.561,8607.43,8637.429,8816.161,8841.74
8376.513,8374.303,8258.703,8283.593,8472.017,8494.905
8114.5034,8115.325,7994.006,8019.0024,8205.705,8237.713
7947.9453,7947.4146,7825.089,7853.798,8043.076,8073.9834
7864.5317,7861.6904,7749.3135,7774.015,7958.8135,7984.0376
7968.724,7969.961,7851.002,7873.5366,8059.7983,8089.2085
8409.829,8407.901,8294.355,8323.114,8504.457,8526.384
9025.801,9026.131,8900.519,8929.255,9119.805,9142.501
9391.905,9391.322,9275.669,9300.288,9486.915,9513.007
9702.321,9701.737,9583.781,9607.368,9795.38,9824.862
9882.248,9883.213,9768.261,9789.617,9977.558,9999.405
9980.016,9979.187,9855.432,9892.716,10070.491,10099.317
10067.858,10067.738,9942.781,9970.34,10162.072,10184.416
10205.487,10206.877,10090.921,10114.287,10300.286,10320.225
10311.342,10309.624,10192.42,10216.443,10402.371,10434.616
10315.159,10314.273,10201.831,10223.829,10408.682,10434.355
10240.967,10235.783,10121.284,10143.548,10335.119,10376.976
10212.397,10211.807,10092.378,10119.6,10305.315,10327.582
10221.237,10219.949,10104.016,10129.546,10313.98,10340.979
10150.0,10148.502,10032.912,10064.265,10241.527,10270.04
10257.642,10257.096,10143.589,10166.98,10347.497,10376.298
10121.291,10119.393,10004.064,10033.938,10219.839,10246.493
9820.113,9819.746,9703.929,9725.606,9909.209,9939.23
9402.4,9402.591,9280.186,9315.275,9495.412,9514.995
8965.038,8963.857,8846.1455,8875.231,9056.591,9081.093
8619.004,8616.4,8501.427,8526.222,8711.801,8740.482
8369.838,8369.459,8251.927,8278.293,8463.263,8489.429
8214.863,8216.172,8098.935,8125.6606,8305.789,8330.83
8142.2007,8141.013,8017.924,8047.8706,8236.694,8258.619
8278.137,8277.996,8162.099,8190.25,8366.545,8398.086
8694.052,8691.987,8581.576,8606.097,8784.313,8808.352
9375.153,9375.906,9256.385,9284.609,9464.298,9489.493
9752.902,9750.18,9641.571,9661.837,9843.191,9873.547
10016.992,10015.957,9900.954,9925.611,10111.628,10136.284
10127.212,10124.797,10004.043,10033.098,10225.123,10245.046
10172.933,10172.218,10056.755,10085.077,10262.792,10292.357
10135.072,10135.432,10022.83,10051.31,10225.525,10248.292
10054.552,10053.992,9934.663,9963.618,10143.618,10173.491
9969.447,9967.703,9847.183,9878.6875,10059.993,10086.857
9908.092,9907.629,9789.844,9818.271,9997.088,10030.29
9836.229,9841.096,9710.168,9744.25,9925.786,9953.719
9841.302,9841.064,9729.93,9751.013,9935.353,9967.209
9923.662,9924.387,9810.438,9836.13,10016.616,10038.403
9995.668,9995.63,9882.609,9902.281,10085.509,10117.103
10066.263,10066.451,9943.307,9977.905,10158.975,10184.474
9896.521,9898.407,9771.257,9801.461,9991.082,10017.361
9594.444,9593.221,9480.34,9504.95,9691.671,9714.781
9183.076,9182.05,9056.097,9090.58,9275.967,9303.56
8705.486,8704.43,8594.517,8613.882,8796.342,8826.287
8342.186,8340.408,8221.71,8249.776,8438.842,8459.395
8102.839,8104.663,7980.7505,8016.3174,8197.298,8228.508
7965.3096,7965.709,7850.0874,7875.5093,8057.4937,8088.955
7856.5425,7857.5615,7739.898,7764.027,7943.704,7970.256
7852.0093,7852.9507,7733.0776,7764.124,7941.033,7963.0493
7995.869,7997.175,7871.9976,7902.054,8086.9106,8104.5586
8327.344,8325.486,8207.443,8233.678,8424.592,8451.337
8487.321,8488.293,8367.181,8398.124,8575.951,8605.791
8688.163,8688.973,8564.417,8597.512,8780.057,8809.572
8835.755,8835.359,8713.263,8738.162,8934.149,8962.114
8979.33,8980.938,8868.376,8888.186,9072.122,9098.659
9030.797,9032.322,8909.783,8933.316,9125.631,9154.868
9137.248,9135.307,9022.476,9044.396,9227.744,9256.785
8986.889,8988.967,8867.234,8897.024,9077.486,9096.199
8820.158,8820.615,8699.987,8725.394,8913.784,8939.778
8744.459,8745.916,8627.346,8651.819,8834.304,8858.9
8835.97,8835.959,8718.997,8740.737,8929.626,8962.215
9006.029,9006.341,8884.731,8915.127,9099.979,9128.8
9158.198,9156.628,9040.661,9067.387,9252.18,9277.328
9297.372,9295.1875,9186.33,9206.543,9387.735,9417.349
9129.66,9130.648,9007.913,9038.795,9215.1875,9244.257
8880.509,8878.831,8754.771,8783.303,8975.286,8998.532
8527.748,8526.544,8410.677,8438.472,8622.835,8644.169
8139.1123,8136.73,8020.4097,8047.7583,8237.499,8264.459
7764.72,7765.2236,7653.902,7674.051,7853.6304,7877.38
7503.927,7503.1455,7383.081,7410.6,7596.813,7622.551
7348.366,7351.17,7231.0205,7261.2593,7439.8896,7462.0176
7273.42,7272.3145,7154.4,7180.8027,7363.2563,7391.306
7276.0605,7275.3955,7156.6484,7182.307,7368.126,7397.2407
7365.549,7364.4316,7246.346,7273.8833,7462.426,7489.8394
7587.053,7584.157,7471.7593,7497.8525,7679.565,7703.579
7704.5654,7702.79,7583.343,7613.019,7793.511,7826.064
7995.007,7998.01,7871.802,7903.716,8085.939,8114.897
8298.177,8297.009,8183.08,8208.796,8387.121,8411.695
8546.766,8547.078,8421.679,8460.903,8635.727,8658.502
8699.218,8696.672,8581.616,8610.565,8790.602,8817.077
8856.229,8855.266,8742.766,8768.123,8948.109,8974.313
8920.5,8919.615,8799.865,8830.179,9012.485,9042.034
8910.665,8909.924,8796.027,8827.875,8998.2,9020.5625
8942.988,8940.538,8827.451,8851.862,9033.767,9072.176
9002.554,9003.627,8883.236,8916.876,9090.229,9114.307
9140.557,9140.958,9028.376,9051.394,9231.529,9260.996
9230.407,9227.505,9119.842,9141.108,9322.021,9347.349
9404.252,9402.109,9297.679,9320.067,9489.775,9522.8545
9355.115,9355.605,9234.144,9261.719,9447.526,9476.769
9107.111,9106.663,8991.008,9010.181,9206.162,9231.903
8772.163,8773.988,8654.203,8680.831,8863.475,8890.877
8417.095,8417.12,8295.118,8321.3125,8509.256,8534.939
8152.8496,8153.804,8039.37,8060.64,8244.498,8270.316
7950.188,7951.834,7833.3228,7856.64,8041.2627,8071.478
7858.658,7853.4365,7742.9067,7767.0547,7951.432,7978.6313
7860.614,7859.535,7740.381,7766.9995,7953.543,7980.369
8067.406,8067.084,7951.157,7977.616,8158.1924,8187.264
8584.562,8583.605,8467.29,8498.276,8673.576,8705.59
9263.354,9262.622,9142.67,9168.419,9353.478,9380.368
9671.486,9672.514,9548.537,9572.756,9758.147,9783.107
9873.464,9875.536,9748.755,9777.724,9964.561,9989.013
9931.854,9931.593,9815.2295,9839.37,10022.853,10048.904
9970.681,9970.463,9859.284,9888.942,10057.154,10087.841
9923.12,9924.535,9808.161,9835.681,10008.209,10035.636
9917.791,9918.463,9795.975,9822.7,10009.89,10038.73
9964.706,9960.99,9845.259,9872.9,10057.644,10082.167
9920.373,9919.021,9806.781,9830.923,10013.411,10041.156
9813.707,9817.609,9689.367,9723.338,9902.294,9926.61
9725.934,9727.072,9610.914,9635.277,9815.996,9841.456
9704.258,9707.079,9582.509,9604.323,9794.619,9817.141
9715.072,9714.877,9598.222,9619.214,9812.226,9845.431
9918.6,9917.082,9796.308,9826.818,10009.495,10040.487
9889.031,9888.939,9773.312,9793.912,9983.046,10002.816
9605.294,9603.955,9486.737,9513.523,9692.343,9716.891
9215.681,9215.006,9099.116,9124.196,9310.5625,9331.966
8815.655,8818.902,8700.093,8723.355,8899.215,8924.521
8496.486,8497.352,8379.377,8403.578,8586.473,8616.579
8263.77,8264.424,8140.71,8174.436,8359.734,8389.817
8150.857,8149.5703,8029.022,8059.3926,8244.714,8265.346
8159.941,8159.5137,8038.483,8065.1245,8258.209,8285.629
8328.839,8329.804,8207.168,8236.691,8418.21,8442.285
8766.193,8766.066,8649.684,8674.685,8847.784,8877.728
9449.948,9451.027,9332.403,9360.105,9540.174,9559.367
9884.234,9884.281,9763.044,9792.057,9978.318,10002.947
10200.772,10198.83,10089.821,10111.945,10291.541,10315.945
10385.57,10386.199,10268.286,10294.067,10474.933,10502.051
10498.306,10496.075,10379.493,10406.95,10592.752,10612.798
10572.458,10572.66,10450.052,10481.445,10663.857,10691.859
10540.496,10540.363,10421.334,10448.082,10631.944,10655.631
10449.381,10452.0205,10329.943,10359.477,10535.594,10566.249
10332.857,10337.704,10209.391,10238.177,10417.057,10441.192
10228.433,10226.359,10119.258,10140.172,10318.131,10345.985
10156.234,10155.841,10037.717,10065.11,10246.332,10276.364
10209.98,10209.445,10084.299,10115.5625,10302.536,10335.024
10163.296,10162.252,10049.197,10073.516,10253.818,10281.242
10311.344,10311.816,10189.895,10214.798,10403.877,10436.238
10252.302,10254.854,10140.608,10168.631,10337.766,10362.963
9934.914,9936.408,9817.331,9842.288,10024.437,10055.843
9498.674,9500.192,9379.423,9408.446,9586.122,9616.278
9513.854,9514.893,9385.416,9418.296,9611.783,9642.071
9338.046,9336.768,9214.73,9241.116,9431.705,9462.537
9335.605,9333.409,9220.151,9246.905,9428.888,9457.325
9439.705,9438.213,9309.419,9341.785,9539.298,9568.672
9709.644,9712.064,9574.9375,9605.373,9808.874,9841.4
10356.826,10355.874,10239.263,10265.494,10449.331,10480.086
11144.639,11144.562,11010.695,11044.636,11241.561,11270.014
11449.944,11449.082,11328.7,11358.315,11539.291,11576.377
11449.356,11448.637,11320.325,11348.828,11553.794,11579.748
11204.197,11205.561,11079.508,11103.54,11305.048,11327.99
11013.167,11014.086,10885.347,10912.681,11113.326,11141.688
10676.114,10677.422,10554.135,10578.672,10769.65,10800.224
10380.358,10379.508,10253.648,10285.763,10480.804,10513.716
9960.528,9961.842,9837.984,9865.234,10059.767,10084.963
9614.368,9614.432,9488.077,9517.356,9713.019,9745.367
9361.762,9363.905,9236.73,9267.621,9454.577,9485.799
9343.398,9343.259,9220.059,9246.8125,9442.431,9469.972
9609.3,9607.994,9486.929,9512.14,9705.438,9732.001
9934.316,9933.73,9806.886,9832.965,10030.843,10059.397
10485.715,10487.482,10360.215,10383.546,10582.662,10609.28
10547.637,10547.092,10424.074,10454.213,10643.477,10673.603
10060.383,10059.208,9931.647,9964.128,10160.802,10189.738
9495.728,9495.727,9379.271,9399.52,9588.321,9617.598
8983.488,8982.94,8849.647,8883.004,9081.451,9108.211
8511.339,8513.947,8381.606,8410.924,8610.183,8635.913
8328.166,8330.219,8197.621,8234.936,8422.327,8455.931
8234.413,8236.764,8104.001,8129.0845,8332.4795,8370.878
8215.259,8215.219,8086.617,8124.412,8315.531,8335.085
8481.972,8484.546,8356.852,8386.676,8578.097,8607.497
8967.062,8967.559,8844.621,8868.028,9064.851,9090.453
9675.938,9677.339,9546.948,9578.632,9769.998,9801.537
10000.387,9999.014,9875.133,9907.014,10095.593,10125.573
9968.587,9965.666,9853.057,9876.656,10062.528,10096.6045
9675.8,9677.293,9544.63,9573.738,9776.582,9805.136
9368.353,9366.227,9248.457,9272.83,9467.624,9492.145
9441.288,9438.861,9308.478,9338.411,9541.058,9566.409
9609.402,9609.701,9491.953,9514.588,9702.694,9732.079
9597.628,9597.949,9470.746,9505.069,9693.497,9713.453
9508.737,9505.873,9382.217,9416.851,9603.177,9637.638
9500.341,9501.694,9376.957,9402.139,9601.699,9632.8545
9423.694,9425.736,9290.83,9323.297,9523.724,9548.514
9604.366,9604.182,9481.669,9508.354,9699.81,9723.843
9791.908,9793.801,9656.386,9685.206,9890.538,9926.241
10067.546,10068.217,9947.435,9968.583,10158.256,10181.395
10001.012,9999.357,9880.355,9906.839,10097.698,10119.886
9514.596,9513.904,9399.606,9427.417,9606.88,9632.514
8983.986,8982.137,8861.521,8891.999,9077.838,9103.034
8456.977,8458.905,8319.101,8358.573,8551.366,8576.431
7926.3,7927.082,7799.1694,7821.9497,8025.449,8054.7456
7670.059,7671.205,7542.0757,7573.01,7769.0156,7799.5566
7498.1885,7500.9297,7367.421,7393.608,7598.69,7624.084
7455.152,7455.8066,7316.389,7347.417,7556.6353,7589.921
7486.1973,7488.383,7362.258,7389.48,7579.121,7609.7676
7663.89,7662.454,7536.3286,7563.2925,7760.765,7790.6416
8039.685,8041.158,7909.744,7939.2397,8132.609,8166.666
8236.327,8236.734,8103.6167,8136.553,8335.373,8369.019
8669.242,8665.543,8542.71,8574.469,8768.431,8800.83
8965.763,8964.13,8844.456,8878.863,9061.508,9087.76
9036.58,9036.482,8914.743,8942.321,9127.752,9166.64
9112.376,9113.007,8985.998,9015.276,9212.267,9239.654
9215.74,9216.713,9091.467,9121.359,9311.243,9341.809
9225.347,9227.662,9093.488,9128.358,9320.722,9345.416
9239.472,9240.452,9120.191,9144.242,9331.91,9358.179
9364.542,9367.189,9232.279,9267.237,9458.633,9493.964
9628.435,9625.908,9515.615,9536.971,9722.189,9754.843
10042.222,10044.867,9910.949,9939.936,10139.366,10166.096
10277.42,10277.376,10155.49,10184.388,10374.919,10396.711
10507.568,10504.266,10382.168,10411.376,10607.157,10632.637
10393.836,10397.998,10261.45,10294.667,10492.2,10526.69
9794.046,9796.107,9674.158,9699.366,9889.015,9915.973
9223.963,9223.203,9092.012,9125.176,9322.442,9351.683
8664.744,8666.232,8540.557,8566.906,8763.763,8787.836
8165.167,8166.411,8038.139,8072.8003,8263.321,8291.13
7736.8716,7735.5215,7610.785,7641.438,7834.4287,7861.9375
7585.2793,7584.4673,7448.2803,7481.8457,7690.427,7715.1064
7391.917,7391.25,7258.0,7290.6865,7492.729,7534.0303
7410.023,7410.964,7280.439,7310.017,7509.3965,7537.0747
7540.509,7540.7383,7412.392,7442.369,7641.081,7674.1636
7791.556,7789.8657,7663.289,7691.846,7895.765,7928.005
7959.563,7959.202,7826.658,7860.21,8059.9233,8087.2437
8301.373,8300.232,8177.389,8202.042,8402.969,8432.482
8706.643,8705.236,8581.582,8605.911,8802.989,8832.805
8921.591,8922.832,8791.173,8820.705,9025.139,9048.834
9101.995,9103.222,8975.756,9009.483,9198.46,9225.089
9324.584,9325.11,9201.057,9230.665,9417.6455,9444.746
9410.287,9409.8125,9283.08,9310.517,9510.389,9540.449
9517.013,9515.828,9386.651,9424.529,9612.929,9641.644
9763.417,9764.481,9642.604,9667.855,9851.325,9878.076
10139.865,10138.339,10019.593,10042.159,10234.368,10264.854
10640.072,10642.286,10513.858,10536.325,10736.017,10770.056
10889.803,10887.302,10763.63,10791.072,10994.512,11023.673
11069.856,11069.15,10948.405,10975.634,11162.672,11194.271
11115.914,11116.459,10990.452,11018.581,11218.26,11243.671
10368.976,10369.491,10240.015,10268.955,10470.479,10501.808
9662.35,9659.542,9524.532,9554.075,9770.311,9798.696
8921.72,8922.266,8796.733,8830.088,9020.729,9047.28
8315.38,8316.391,8194.6,8218.256,8410.118,8441.114
7847.098,7849.1343,7714.359,7748.997,7950.2056,7976.054
7599.272,7598.198,7469.697,7498.9854,7698.934,7735.604
7491.062,7490.5723,7357.2983,7390.547,7592.4253,7611.3926
7620.278,7618.6123,7496.115,7523.2104,7720.7944,7746.626
8021.6016,8019.2275,7895.824,7920.265,8125.1626,8159.4854
8649.45,8648.728,8527.488,8553.299,8742.863,8768.084
9060.422,9058.733,8929.347,8963.75,9164.64,9190.753
9290.42,9287.631,9175.899,9200.543,9382.56,9415.102
9415.814,9411.869,9294.975,9323.133,9514.483,9545.566
9398.049,9396.154,9277.281,9307.131,9494.231,9529.218
9519.238,9518.725,9389.369,9426.456,9617.046,9649.057
9525.114,9527.233,9391.771,9427.697,9625.782,9650.546
9453.296,9454.637,9321.047,9349.117,9551.833,9578.13
9495.18,9495.881,9374.897,9403.585,9590.119,9611.805
9590.009,9591.091,9468.089,9492.159,9688.781,9708.744
9781.365,9779.605,9650.913,9682.75,9878.247,9906.793
10030.893,10032.8125,9910.261,9930.516,10129.492,10151.133
10134.022,10132.525,10008.414,10041.688,10230.94,10260.02
10314.054,10312.302,10177.278,10214.351,10414.674,10445.799
10256.59,10260.043,10129.441,10161.005,10353.709,10382.541
9661.651,9659.842,9536.968,9566.31,9757.125,9787.089
9030.526,9030.902,8903.72,8932.688,9129.912,9152.889
8412.797,8413.043,8295.283,8320.298,8505.015,8532.604
7941.588,7940.579,7818.559,7844.2925,8034.2056,8064.417
7665.998,7663.582,7545.006,7568.435,7764.9873,7795.6587
7595.276,7594.8086,7467.8984,7496.435,7699.597,7726.7656
7585.338,7581.5605,7455.718,7484.2583,7686.18,7716.3706
7776.116,7778.5317,7638.254,7670.3022,7871.955,7901.242
8337.6455,8339.013,8196.117,8233.893,8439.126,8463.623
8987.913,8985.516,8854.12,8883.745,9090.627,9115.134
9551.163,9546.942,9429.99,9456.297,9654.579,9681.992
9902.852,9906.646,9772.79,9798.603,10001.235,10032.722
10018.214,10019.145,9888.971,9919.523,10112.041,10145.08
10078.31,10083.33,9949.026,9982.031,10175.899,10207.037
10106.3,10106.403,9979.618,10010.745,10196.403,10221.753
10141.93,10142.126,10017.739,10042.245,10236.4,10264.531
10203.786,10206.322,10068.759,10098.272,10307.042,10339.715
10231.07,10231.164,10102.236,10132.227,10332.825,10357.955
10362.364,10361.924,10233.383,10263.153,10465.993,10489.155
10581.308,10583.014,10450.593,10481.827,10677.524,10703.139
11016.14,11016.663,10888.233,10920.404,11115.856,11147.632
11212.975,11212.059,11086.835,11113.722,11310.262,11345.602
11240.796,11239.393,11112.758,11147.263,11336.184,11362.081
11034.572,11035.137,10907.571,10937.824,11135.829,11165.901
10586.038,10583.443,10467.019,10491.358,10687.082,10723.637
10086.416,10087.652,9958.2295,9985.986,10184.666,10210.803
9614.032,9612.35,9492.264,9516.627,9714.032,9744.45
1965.1539,1964.9122,1924.6243,1933.9396,1995.7521,2006.5554
1948.6548,1948.0857,1910.5817,1918.2335,1980.0226,1990.0096
1919.1956,1919.1117,1878.9758,1888.8527,1949.0931,1957.2568
1934.7206,1934.557,1893.455,1902.4501,1964.6079,1974.1731
1985.53,1984.9812,1947.2609,1955.3295,2015.7937,2024.8157
2109.656,2109.7234,2066.7043,2077.647,2140.4292,2149.2014
2275.0063,2274.4534,2234.9338,2244.1394,2307.084,2316.3547
2346.4058,2346.7708,2307.9082,2316.8206,2375.4888,2384.1782
2261.758,2261.4277,2221.5427,2231.2227,2292.0603,2301.1433
2098.6455,2098.8853,2058.4153,2067.5164,2130.1316,2137.9343
1978.1085,1978.4792,1939.1073,1946.6072,2008.8334,2017.6907
1887.4587,1887.3754,1847.2518,1856.1954,1917.3857,1926.8345
1845.6562,1846.4521,1804.907,1813.2063,1877.1002,1885.5331
1775.113,1775.3752,1732.8899,1744.3203,1806.9592,1817.0494
1773.128,1772.7196,1733.5687,1742.097,1802.7303,1812.5721
1795.8665,1796.8811,1757.1531,1766.058,1825.951,1833.7476
1917.3777,1916.8801,1876.4344,1886.7899,1950.0289,1959.4056
2100.2773,2100.6125,2061.4448,2070.3032,2130.24,2138.6963
2283.2805,2282.326,2243.7688,2254.8315,2313.9707,2320.9294
2422.9873,2422.5142,2384.5344,2392.4893,2453.3127,2464.547
2409.624,2409.1685,2370.413,2379.5056,2439.7344,2450.8655
2273.9543,2273.809,2235.053,2243.5151,2304.4421,2311.6484
2124.9656,2125.863,2085.6199,2094.5803,2155.207,2162.6577
1965.8119,1966.3635,1923.4873,1934.745,1995.3776,2004.652
1841.745,1842.5331,1802.1077,1812.024,1870.919,1881.4609
1770.7457,1771.1987,1730.6316,1740.0535,1800.6124,1809.4423
1745.4857,1744.8984,1707.0796,1714.8536,1777.4781,1786.2045
1713.558,1714.1511,1674.4114,1683.6553,1743.4014,1751.9404
1745.2577,1744.9712,1703.9515,1713.6289,1778.0243,1786.7942
1817.5737,1817.9233,1777.3866,1787.6516,1847.051,1856.2836
1969.8695,1971.2015,1928.3442,1936.9662,2000.364,2009.2198
2080.4565,2080.144,2041.1165,2049.6577,2110.2498,2122.2793
2150.164,2150.2163,2108.867,2119.3186,2181.235,2191.9043
1957.7653,1956.3063,1919.5033,1927.5455,1990.0459,2001.8319
1777.7716,1777.0361,1738.4618,1747.7262,1809.0321,1817.2455
1749.6868,1748.7651,1710.6842,1719.31,1780.5071,1789.9469
1680.1885,1679.2141,1641.3644,1649.7559,1711.2448,1721.1484
1664.8066,1664.5544,1624.8217,1634.5516,1694.9498,1704.7686
1667.1455,1666.3673,1629.1616,1638.7397,1697.3448,1707.0714
1685.22,1686.406,1645.7001,1653.8854,1713.5328,1720.3815
1793.4965,1793.3544,1754.632,1764.9474,1823.1669,1831.1188
1986.7699,1985.1877,1949.4949,1956.59,2017.5311,2025.2177
2131.5376,2131.8315,2090.011,2099.1025,2162.85,2173.9966
2250.4502,2250.8398,2213.4175,2220.568,2281.0708,2288.77
2243.0015,2243.729,2205.056,2212.1555,2271.224,2280.2634
2109.505,2109.1265,2069.8342,2079.6125,2138.4104,2147.2969
1982.7352,1981.8542,1944.2146,1953.041,2013.7788,2021.686
1851.3328,1850.1786,1811.0586,1820.7686,1882.2192,1890.7228
1739.2045,1738.7966,1702.3295,1711.7943,1768.25,1777.4567
1667.1163,1666.8469,1625.0093,1635.8606,1699.4503,1711.293
1979.0104,1978.877,1937.484,1947.2668,2010.9265,2020.2169
1625.3965,1624.7997,1585.772,1595.7266,1656.2338,1667.3174
1651.4884,1651.2109,1611.7421,1622.8591,1683.4253,1690.6528
1698.6733,1698.5356,1658.4436,1666.8494,1730.2133,1739.1755
1471.8003,1472.0891,1432.323,1441.5344,1500.9222,1509.9125
1878.8615,1879.4839,1839.033,1846.285,1909.6782,1919.3112
1954.3547,1952.9175,1916.7786,1923.8785,1985.6124,1995.3411
2094.0264,2094.7422,2052.4111,2061.5996,2123.373,2132.9255
2131.5396,2130.9878,2092.3071,2099.934,2161.6746,2171.5122
2193.0964,2193.9211,2149.3193,2160.6519,2224.0408,2231.9563
2221.8867,2221.5781,2185.8303,2192.21,2253.3174,2260.8586
2236.6091,2236.3726,2197.1484,2204.9548,2269.1023,2277.4414
2254.6997,2254.583,2217.3835,2223.81,2284.2002,2293.365
2252.2854,2252.5042,2211.7634,2220.5352,2282.0989,2291.1477
2316.937,2315.6484,2278.6272,2288.0146,2347.656,2356.0266
2399.7236,2399.052,2360.0024,2370.4436,2429.7175,2437.1055
2452.7205,2452.6255,2413.2026,2423.3894,2481.74,2491.82
2449.926,2449.0957,2412.9138,2421.0288,2480.0667,2486.9507
2361.5093,2361.8267,2323.414,2331.8972,2390.9968,2401.1711
2235.8643,2235.997,2195.387,2205.4807,2265.6003,2273.0244
2102.0005,2102.3516,2060.522,2070.226,2132.4248,2141.5535
1957.2362,1957.2446,1916.3818,1926.1903,1988.9381,1998.0334
1835.5022,1834.9937,1795.9205,1805.0316,1865.0001,1875.7329
1749.7704,1748.9985,1709.89,1720.7837,1780.8802,1790.2634
1705.3535,1704.8083,1668.0332,1675.3496,1735.8978,1744.9684
1681.2175,1679.99,1640.0687,1649.8304,1713.7113,1723.9323
1693.4589,1694.4716,1650.5264,1660.987,1725.0653,1735.1979
1727.1622,1727.356,1685.2079,1694.5206,1759.9021,1767.8761
1789.6888,1790.8623,1750.0308,1757.2189,1819.4065,1827.1735
1848.1774,1848.2661,1809.1772,1817.8806,1877.181,1887.1818
1934.1992,1933.9957,1895.4507,1904.7786,1964.4421,1973.0737
2034.6813,2034.3118,1995.2014,2004.1166,2066.1106,2075.1406
2145.7256,2145.2773,2106.0457,2114.575,2175.4011,2186.4214
2168.3225,2168.4412,2131.2715,2137.6409,2197.8044,2207.3733
2180.8115,2180.8833,2139.5884,2148.4382,2212.0974,2221.0447
2226.2266,2226.974,2187.1323,2195.3806,2256.5212,2264.9517
2178.8777,2179.0325,2140.2056,2148.025,2209.985,2217.9106
2168.1812,2168.693,2129.3274,2136.948,2198.7156,2206.1428
2221.3193,2221.316,2182.3892,2191.464,2250.4277,2259.7444
2318.592,2317.7317,2280.566,2289.72,2348.4106,2356.6465
2349.529,2349.6938,2308.1392,2319.4006,2379.4912,2388.0515
2396.0703,2396.4094,2354.332,2363.9915,2427.5684,2435.4812
2336.67,2336.3066,2298.8318,2306.3242,2367.9612,2377.2722
2209.9285,2209.9297,2171.2761,2180.8342,2241.2856,2248.819
2064.8965,2065.136,2022.4366,2032.5619,2096.36,2107.8225
1913.2047,1913.994,1872.4585,1882.0411,1942.1411,1949.8997
1791.012,1791.0227,1748.9493,1759.0616,1822.2832,1831.1952
1728.747,1728.6794,1688.026,1696.1298,1761.3595,1770.3922
1696.129,1695.6523,1657.901,1666.7411,1726.7094,1734.2087
1686.9318,1686.8049,1647.285,1657.3163,1715.7128,1725.4574
1726.487,1725.8867,1687.2078,1697.2545,1756.349,1766.2891
1981.637,1981.5966,1938.0844,1950.1631,2012.761,2021.8652
1985.8829,1986.1946,1944.783,1953.2858,2016.8284,2028.3167
2113.116,2113.459,2074.229,2082.9438,2144.3743,2152.9119
2093.6729,2092.9375,2055.0435,2063.106,2124.8643,2135.0425
2331.5002,2331.072,2291.843,2300.7817,2363.6548,2370.069
2326.652,2326.7651,2286.987,2296.465,2355.868,2365.014
2288.6707,2288.6917,2249.695,2258.8904,2317.9998,2326.7566
2251.3948,2250.7522,2211.9783,2222.4788,2281.532,2291.2168
2268.7756,2268.1636,2230.6133,2238.6926,2299.2307,2311.291
2225.924,2225.245,2187.0012,2195.3284,2255.6267,2265.2039
2319.503,2319.5159,2281.793,2289.4888,2350.0513,2360.4465
2341.9211,2341.6543,2302.062,2310.7925,2372.2744,2380.5571
2445.696,2446.636,2405.3835,2415.1243,2474.0298,2483.148
2325.057,2325.7656,2284.5483,2292.7354,2356.0586,2364.7617
2366.515,2366.1743,2329.5261,2337.4207,2395.6594,2404.3867
2479.3508,2478.7651,2437.7979,2447.5522,2511.008,2520.4153
2474.9038,2474.7207,2437.3545,2445.0115,2505.3184,2512.1702
2301.0967,2300.396,2260.6416,2270.0999,2331.8833,2342.7568
1992.1644,1992.0571,1954.7977,1962.1238,2020.5876,2029.7783
1876.4601,1876.1343,1838.3726,1846.6611,1906.9432,1915.8464
1825.926,1825.9607,1786.478,1796.1462,1855.914,1863.9536
1793.7732,1794.3462,1752.5837,1761.0607,1823.8723,1834.0812
1791.417,1790.6919,1747.7664,1760.1176,1823.7979,1834.0878
1828.148,1828.081,1787.242,1796.6691,1859.1176,1866.2924
1935.3727,1934.8326,1896.5983,1905.1395,1965.7421,1974.3608
2098.5852,2098.3315,2059.5586,2069.0132,2127.4272,2136.8628
2257.204,2257.397,2216.432,2224.9353,2287.5955,2298.546
2365.9583,2366.1753,2326.318,2335.1917,2396.4414,2404.3625
2413.8875,2414.647,2372.0276,2382.2166,2444.7205,2453.9453
2431.3928,2431.564,2393.6892,2401.6406,2462.1382,2470.318
2423.633,2424.4182,2383.7126,2391.7878,2453.119,2462.7349
2415.7356,2415.9512,2376.8723,2385.9023,2446.5671,2454.853
2307.0198,2307.2007,2266.9067,2276.1235,2338.0378,2348.5508
2304.9707,2305.061,2267.501,2276.1692,2336.0063,2344.0461
2293.127,2292.657,2253.14,2263.2976,2324.5994,2332.477
2326.7307,2326.3867,2287.2368,2296.909,2357.1013,2366.3381
2557.7644,2557.9614,2519.0518,2527.5754,2588.4548,2598.863
2495.88,2495.7007,2456.1128,2464.3362,2527.1355,2536.2366
2417.7173,2418.3906,2379.0034,2388.3716,2448.504,2455.9146
2380.7046,2380.083,2339.6912,2348.1692,2412.0913,2422.275
2542.5796,2542.876,2502.8953,2510.9534,2572.175,2581.354
2185.3774,2185.3154,2145.3445,2155.101,2215.9233,2226.4546
2082.7883,2083.4402,2043.0538,2053.5337,2111.655,2120.93
2471.017,2470.3682,2427.2388,2438.3274,2504.6643,2513.117
2415.1907,2415.309,2372.985,2382.5068,2449.1858,2458.3345
2370.007,2369.7578,2327.226,2336.8928,2403.625,2412.546
2438.33,2438.023,2396.592,2405.542,2471.0037,2480.3303
2492.936,2493.4573,2452.1685,2461.655,2526.513,2534.7603
2752.0132,2752.441,2710.0605,2720.1985,2783.5461,2793.1826
2993.72,2994.1375,2952.1267,2962.5288,3025.5645,3033.4983
3098.6423,3097.863,3056.3809,3066.7107,3132.0337,3143.4487
3022.8562,3022.8652,2983.57,2993.2546,3053.3,3061.3948
3000.441,3001.079,2955.446,2963.3972,3034.95,3044.9268
2930.4744,2930.2034,2889.0662,2899.5764,2962.736,2972.5798
2830.1938,2830.4375,2788.7144,2799.086,2861.0867,2872.6897
2702.3242,2701.18,2659.4004,2668.9219,2735.3267,2744.236
2628.7456,2629.662,2585.317,2596.6584,2660.6982,2671.681
2598.7705,2598.4368,2556.6646,2566.7605,2630.5032,2640.206
2547.2676,2547.7437,2503.5537,2514.0269,2580.3499,2589.2605
2625.0525,2624.4001,2585.2893,2594.9563,2655.551,2664.9546
2709.767,2710.3447,2666.7607,2676.8237,2742.2104,2752.3416
2807.3887,2807.0576,2767.4092,2777.786,2838.2021,2850.4624
2879.922,2880.666,2837.1567,2847.1587,2912.2642,2921.3125
2907.446,2908.2036,2863.905,2872.6677,2941.7307,2951.7158
2711.1746,2710.8037,2666.5903,2676.554,2743.3833,2751.2087
2588.9543,2589.3525,2549.5493,2558.3335,2621.0684,2628.5752
2366.5793,2367.2727,2325.8628,2333.3315,2396.228,2406.7756
2271.3794,2271.9448,2231.9568,2240.4644,2301.8118,2311.2563
2188.9414,2189.5269,2145.8787,2156.319,2221.1028,2230.414
2148.8086,2148.5474,2107.7117,2116.4473,2180.6152,2189.6606
2164.2192,2164.291,2123.411,2133.4436,2195.6506,2205.7632
2206.244,2205.8323,2164.752,2174.3335,2238.3826,2249.898
2401.632,2402.2358,2360.115,2370.64,2431.928,2441.388
2626.701,2626.2454,2584.9348,2595.417,2658.7056,2668.7092
2742.991,2743.262,2700.3193,2710.9736,2774.9414,2784.3333
2713.283,2713.391,2674.6982,2683.1296,2744.465,2753.1416
2647.8682,2647.835,2608.0176,2615.992,2679.7983,2689.9746
2652.539,2653.541,2610.267,2619.8376,2683.8809,2691.7297
2599.2466,2599.8655,2557.6775,2567.551,2631.521,2639.7144
2620.0686,2620.0996,2578.2996,2587.828,2651.2244,2659.7559
2607.337,2607.731,2568.69,2575.471,2638.972,2648.5703
2656.4265,2656.791,2611.602,2622.0056,2689.6519,2699.173
2671.5754,2671.8186,2631.9824,2641.893,2701.384,2709.205
2636.5684,2636.1682,2594.1726,2604.8013,2669.7153,2677.4006
2626.1733,2627.2578,2583.863,2591.3584,2658.3423,2667.3677
2668.046,2667.8071,2628.6545,2638.3677,2699.4124,2707.7903
2795.8792,2795.832,2754.4524,2764.2627,2828.1772,2835.9834
2761.7966,2762.3403,2720.6614,2731.6309,2792.4536,2802.618
2593.1167,2593.1963,2552.9482,2561.433,2625.8787,2635.2097
2435.1448,2435.38,2394.7563,2403.2837,2467.3127,2478.174
2277.4773,2277.18,2238.1965,2247.5366,2309.0273,2320.7075
2189.2056,2189.0762,2146.7126,2155.946,2221.4841,2232.7346
2064.826,2065.1453,2023.8688,2032.6967,2097.1938,2105.4526
2034.434,2034.1078,1991.452,2002.8679,2066.4607,2074.8506
2015.6615,2015.9329,1972.2542,1983.8064,2048.2007,2056.9924
2015.7793,2015.0609,1974.0088,1983.9474,2047.5261,2059.176
2092.3916,2092.3076,2051.082,2060.8938,2123.2273,2135.557
2173.8694,2174.4048,2131.4414,2140.764,2206.1875,2215.4475
2261.7717,2261.9722,2220.5835,2231.4175,2291.4749,2300.3875
2433.7415,2433.5342,2392.8103,2402.6548,2465.821,2477.3682
2483.698,2484.01,2439.776,2449.7256,2516.7058,2528.2925
2642.807,2643.5417,2600.2983,2608.9534,2674.712,2683.93
2701.3777,2700.8804,2660.4312,2669.5046,2732.3013,2743.8254
2777.082,2777.7866,2736.7014,2746.383,2808.1638,2815.3064
2651.5173,2650.759,2611.7358,2620.7517,2682.5027,2689.4336
2628.4104,2629.0083,2587.9988,2596.8264,2660.0012,2668.1038
2588.9976,2589.2527,2547.2393,2555.793,2622.992,2631.1643
2547.7024,2547.2048,2508.243,2515.7876,2580.3606,2589.9128
2708.1711,2707.359,2666.1318,2677.2349,2740.556,2749.847
2693.493,2693.2158,2651.2207,2660.5354,2726.1465,2735.8147
2795.975,2796.2627,2752.952,2764.0127,2827.6738,2836.9746
2803.1826,2803.1748,2759.9688,2770.9978,2834.7136,2846.0723
2634.234,2633.4788,2592.9937,2601.2285,2667.9414,2677.889
2549.2185,2549.0156,2508.653,2517.5967,2582.3054,2591.052
2399.9502,2400.0,2359.6523,2367.0715,2432.986,2443.611
2249.818,2250.3906,2209.505,2216.5842,2282.619,2292.411
2167.2278,2167.3384,2123.6262,2134.589,2200.3772,2207.5525
2145.595,2145.9907,2103.2224,2112.0637,2176.0667,2186.5947
2119.6357,2119.4663,2076.6177,2087.398,2153.8145,2162.952
2101.6995,2100.937,2060.8088,2068.3352,2134.142,2143.4453
2177.2651,2176.8071,2137.1467,2145.6345,2210.0347,2218.5989
2227.9675,2228.3032,2186.679,2194.6567,2259.0447,2269.116
2229.7185,2229.6602,2188.3667,2197.9478,2259.927,2268.2058
2405.3909,2406.037,2360.567,2371.2983,2438.6409,2447.199
2510.28,2510.0977,2468.8513,2478.1396,2542.0552,2552.7795
2550.1213,2549.8364,2508.1704,2516.796,2583.1199,2594.4504
2638.5464,2639.2805,2595.8352,2605.1724,2670.7708,2679.9036
2653.926,2653.947,2612.5254,2622.4312,2686.5317,2694.7854
2610.5952,2611.2302,2566.9944,2579.1978,2643.196,2652.9631
2440.2236,2438.7866,2399.35,2408.3242,2473.534,2483.732
2326.2954,2326.4275,2282.681,2293.015,2360.9019,2370.656
2407.6184,2407.5273,2363.8962,2373.5955,2440.5042,2449.7095
2522.39,2521.894,2476.3271,2488.6016,2554.3037,2563.815
2615.3164,2615.5044,2572.4578,2582.8828,2647.678,2657.3271
2742.958,2743.213,2700.9963,2711.073,2776.1326,2785.0388
2774.085,2774.975,2729.1326,2740.9954,2806.0078,2815.6626
2644.9275,2645.4978,2603.6216,2612.5544,2676.6963,2687.8416
2473.6885,2473.9426,2432.961,2441.7483,2504.7986,2515.7537
2277.4614,2278.3022,2235.695,2245.4634,2308.9243,2318.0696
2155.871,2154.6023,2115.6836,2124.9888,2186.732,2195.6738
2097.284,2096.8423,2054.1187,2065.0098,2131.1428,2140.9373
2044.1403,2044.4259,2001.8601,2012.1774,2077.1616,2085.9722
2057.9612,2058.3176,2018.619,2027.7845,2090.8518,2100.0574
2137.6958,2137.9941,2096.9458,2105.6873,2168.7454,2179.7153
2306.3628,2306.7314,2264.4949,2274.503,2337.2288,2347.2454
2522.0789,2522.9863,2480.9126,2490.6765,2553.8323,2562.1572
2661.4246,2661.4937,2618.683,2628.273,2691.1394,2704.9614
2746.7275,2746.4019,2705.535,2716.2893,2776.9375,2786.431
2674.948,2675.8184,2633.0862,2641.3867,2707.028,2716.791
2552.165,2552.0635,2512.4883,2520.5806,2584.1914,2594.0479
2505.7073,2505.8062,2462.4468,2473.1196,2538.9707,2549.254
2506.1323,2505.982,2463.5105,2474.4426,2538.313,2550.0022
2491.272,2491.4805,2450.124,2458.25,2522.8708,2532.3804
2489.879,2489.1138,2448.3567,2459.1924,2520.7336,2531.4956
2519.462,2519.9102,2478.4768,2488.4226,2548.8684,2558.984
2657.3965,2656.8545,2615.5369,2625.5444,2691.0522,2699.8716
2646.7664,2647.333,2605.5093,2614.95,2679.246,2686.6167
2698.6628,2697.5552,2658.9963,2665.798,2731.5413,2742.6
2761.4014,2761.2712,2720.928,2729.153,2792.4424,2802.5403
2809.0144,2809.121,2767.062,2776.5513,2841.8345,2851.7805
2587.774,2588.3887,2546.0457,2555.2485,2618.9011,2631.1729
2440.524,2440.3784,2399.3643,2408.208,2472.011,2483.9531
2269.6206,2269.2793,2227.774,2237.657,2302.4177,2309.7244
2132.263,2131.6035,2090.36,2100.655,2165.255,2176.2578
2050.5908,2050.104,2010.8232,2019.9266,2081.1846,2091.6272
2071.4956,2071.2046,2028.3162,2038.4689,2104.6587,2115.017
2045.9083,2046.1387,2001.8909,2011.9878,2080.3413,2089.1096
2123.8525,2123.1873,2079.6562,2089.9033,2158.0354,2168.34
2315.3206,2314.1758,2273.4807,2282.9097,2349.1355,2357.8938
2565.3884,2565.0654,2525.726,2533.5159,2598.299,2607.4875
2681.378,2680.547,2638.8613,2648.6995,2712.7327,2723.0286
2806.8027,2806.4297,2765.5046,2774.748,2838.8325,2848.64
2859.2322,2858.916,2818.1345,2827.732,2893.8762,2902.092
2725.6494,2725.6458,2684.387,2693.7048,2757.364,2767.585
2753.8186,2753.0583,2715.6487,2723.132,2783.777,2794.244
2779.859,2778.837,2739.0037,2747.6375,2812.937,2822.682
2771.5862,2770.9678,2730.9885,2739.2717,2804.963,2813.6628
2781.9775,2781.058,2741.818,2750.8533,2812.48,2822.0156
2841.648,2841.8706,2801.227,2809.1934,2872.8262,2881.0295
2914.2476,2914.1958,2871.4841,2882.2615,2945.5964,2955.7683
3039.497,3039.3242,2995.754,3008.4268,3072.5752,3082.4727
3017.6775,3017.5703,2975.7249,2986.2917,3049.077,3058.7004
3041.5498,3042.5923,2997.8345,3008.9658,3073.3977,3083.5044
2981.185,2979.816,2942.9329,2950.0796,3013.8992,3025.5938
2814.176,2814.8088,2773.665,2782.67,2845.652,2853.7163
2682.0793,2681.9233,2639.9705,2650.349,2713.203,2722.1826
2528.6895,2528.9194,2486.532,2496.6465,2560.4736,2570.3618
